New York Snow Depth, February 2019
"GHCN ID","Station Name",County,State,Elevation,Latitude,Longitude,"Feb 1","Feb 2","Feb 3","Feb 4","Feb 5","Feb 6","Feb 7","Feb 8","Feb 9","Feb 10","Feb 11","Feb 12","Feb 13","Feb 14","Feb 15","Feb 16","Feb 17","Feb 18","Feb 19","Feb 20","Feb 21","Feb 22","Feb 23","Feb 24","Feb 25","Feb 26","Feb 27","Feb 28"
USC00300023,"ADDISON","STEUBEN","New York",999,42.10,-77.23,5.0,M,M,M,M,M,M,M,T,M,T,M,6.0,6.0,2.0,1.0,T,1.0,1.0,1.0,1.0,T,M,M,1.0,T,T,6.0
US1NYER0164,"AKRON 0.9 NE","ERIE","New York",712,43.03,-78.48,12.5,M,7.5,2.0,M,M,0.1,M,T,T,M,T,0.1,1.5,T,M,M,M,M,M,T,M,M,M,T,M,T,4.5
US1NYAB0039,"ALBANY 0.5 ESE","ALBANY","New York",218,42.66,-73.79,M,M,M,M,M,M,M,M,M,M,T,0.0,5.0,4.5,4.0,2.5,2.0,3.5,3.5,3.5,3.0,2.0,3.0,2.5,M,M,M,M
US1NYAB0023,"ALBANY 0.7 SW","ALBANY","New York",256,42.66,-73.81,8.5,8.5,7.5,5.0,2.5,1.0,T,T,0.0,0.0,0.0,0.0,5.0,4.5,4.0,2.5,2.0,4.0,4.5,4.5,4.0,3.0,2.5,2.5,2.0,2.0,2.0,6.5
USW00014735,"ALBANY INTERNATIONAL AIRPORT","ALBANY","New York",280,42.75,-73.80,5.1,5.1,3.1,2.0,T,T,0.0,0.0,0.0,0.0,0.0,5.1,5.1,5.1,3.9,2.0,2.0,2.0,3.9,3.9,3.9,3.1,3.1,2.0,2.0,1.2,1.2,5.9
US1NYNS0042,"ALBERTSON 0.2 SSE","NASSAU","New York",142,40.77,-73.65,M,M,M,M,M,M,M,M,M,M,M,M,1.0,M,M,M,M,M,M,M,1.0,M,M,M,M,M,M,0.1
USC00300055,"ALBION","ORLEANS","New York",472,43.26,-78.22,5.0,4.0,1.0,0.0,0.0,0.0,0.0,0.0,0.0,0.0,0.0,3.0,2.0,1.0,0.0,0.0,0.0,4.0,4.0,3.0,0.0,0.0,0.0,0.0,0.0,0.0,3.0,7.0
US1NYOL0004,"ALBION 1.9 NW","ORLEANS","New York",468,43.26,-78.22,M,M,M,M,M,M,0.0,M,M,M,M,M,M,M,M,M,M,M,M,M,M,M,M,M,M,M,M,M
USC00300063,"ALCOVE DAM","ALBANY","New York",607,42.47,-73.93,8.0,7.0,7.0,5.0,3.0,1.0,1.0,0.0,0.0,T,0.0,M,5.0,4.0,3.0,2.0,1.0,3.0,3.0,3.0,4.0,3.0,2.0,1.0,2.0,2.0,1.0,5.0
USC00300085,"ALFRED","ALLEGANY","New York",1923,42.28,-77.77,T,T,T,0.0,0.0,0.0,0.0,0.0,T,T,T,1.0,2.0,3.0,2.0,T,T,1.0,3.0,2.0,T,T,T,T,1.0,T,1.0,5.0
USC00300093,"ALLEGANY STATE PARK","CATTARAUGUS","New York",1500,42.10,-78.75,6.0,5.0,5.0,3.0,0.0,0.0,0.0,0.0,1.0,1.0,1.0,2.0,3.0,6.0,3.0,3.0,3.0,4.0,4.0,4.0,3.0,1.0,1.0,0.0,8.0,6.0,8.0,10.0
US1NYER0098,"AMHERST 5.4 NNE","ERIE","New York",580,43.05,-78.76,10.0,9.5,7.0,3.5,M,M,M,M,M,M,M,M,M,2.5,1.0,M,M,2.0,1.5,1.5,M,M,M,M,0.5,M,M,5.0
US1NYSF0089,"AMITYVILLE 0.1 WSW","SUFFOLK","New York",12,40.67,-73.42,M,M,M,M,M,M,M,M,M,M,M,M,M,M,M,M,M,M,M,M,0.5,M,M,M,M,M,M,M
US1NYSF0092,"AMITYVILLE 0.6 NNE","SUFFOLK","New York",20,40.68,-73.41,M,M,M,M,M,M,M,M,M,M,M,M,0.1,T,T,T,M,M,M,M,T,M,M,M,M,M,M,T
USC00300183,"ANGELICA","ALLEGANY","New York",1475,42.31,-78.02,5.0,5.0,5.0,2.0,0.0,0.0,0.0,0.0,T,T,T,1.0,3.0,8.0,4.0,2.0,2.0,2.0,3.0,2.0,2.0,1.0,1.0,1.0,5.0,5.0,5.0,8.0
US1NYTG0008,"APALACHIN 2.8 ESE","TIOGA","New York",1034,42.05,-76.12,M,M,M,M,M,M,M,M,M,M,M,M,M,M,M,M,M,M,M,M,M,M,2.5,M,M,M,M,M
US1NYTG0003,"APALACHIN 3.0 ESE","TIOGA","New York",910,42.05,-76.12,M,M,M,M,M,M,M,0.0,M,M,M,M,M,M,M,M,M,M,M,M,M,M,M,M,M,M,M,M
US1NYWC0018,"ARMONK 0.3 SE","WESTCHESTER","New York",385,41.13,-73.71,0.0,T,0.0,0.0,0.0,0.0,0.0,0.0,0.0,0.0,0.0,0.0,1.5,1.5,1.0,0.5,0.3,T,0.0,0.0,1.0,0.0,0.0,0.0,0.0,0.0,0.0,0.4
US1NYWC0015,"ARMONK 0.4 E","WESTCHESTER","New York",424,41.13,-73.71,M,M,M,M,M,M,M,M,M,M,M,M,M,M,M,M,3.3,M,M,M,M,M,0.8,M,M,M,M,M
USC00300317,"ATTICA 7 SW","WYOMING","New York",1365,42.81,-78.40,21.0,19.0,16.0,12.0,3.0,0.0,0.0,0.0,1.0,1.0,1.0,1.0,3.0,4.0,1.0,2.0,2.0,4.0,6.0,4.0,3.0,2.0,2.0,2.0,3.0,4.0,2.0,6.0
USC00300321,"AUBURN","CAYUGA","New York",770,42.93,-76.54,7.0,7.0,5.0,3.0,1.0,0.0,0.0,0.0,T,0.0,0.0,0.0,5.0,6.0,4.0,3.0,3.0,3.0,4.0,3.0,4.0,2.0,2.0,1.0,1.0,2.0,4.0,8.0
US1NYCY0008,"AUBURN 8.3 SSE","CAYUGA","New York",1050,42.83,-76.49,3.0,2.5,2.0,1.0,T,T,T,T,T,T,T,T,4.0,7.0,M,4.0,3.0,4.5,M,5.5,M,2.0,2.0,1.0,0.5,0.5,0.5,6.0
US1NYCY0026,"AURORA 2.4 N","CAYUGA","New York",501,42.79,-76.70,4.5,M,4.0,0.5,T,T,T,T,T,T,T,1.5,4.5,6.0,3.5,3.0,2.5,4.5,4.0,3.5,3.0,1.5,1.5,T,0.5,T,T,6.0
USC00300331,"AURORA RESEARCH FARM","CAYUGA","New York",830,42.73,-76.66,3.0,3.0,1.0,T,0.0,0.0,0.0,0.0,0.0,0.0,T,T,2.0,3.0,3.0,2.0,2.0,3.0,4.0,3.0,3.0,2.0,2.0,1.0,T,T,T,5.0
US1NYRN0001,"AVERILL PARK 0.9 WNW","RENSSELAER","New York",633,42.64,-73.57,6.5,6.0,6.0,3.0,T,T,T,0.0,0.0,0.0,T,0.0,4.0,4.0,4.0,2.0,2.0,3.5,5.0,4.0,4.0,3.5,2.5,2.0,M,2.0,2.0,8.0
USC00300343,"AVON","LIVINGSTON","New York",545,42.92,-77.76,4.0,3.0,2.0,T,0.0,0.0,0.0,0.0,0.0,0.0,0.0,1.0,3.0,6.0,2.0,1.0,1.0,2.0,2.0,2.0,1.0,T,T,0.0,1.0,2.0,1.0,7.0
USC00300364,"BAITING HOLLOW","SUFFOLK","New York",70,40.93,-72.74,0.0,0.0,0.0,0.0,0.0,0.0,0.0,0.0,0.0,0.0,0.0,0.0,1.0,T,0.0,0.0,0.0,T,0.0,0.0,T,0.0,0.0,0.0,0.0,0.0,0.0,1.0
USC00300379,"BALDWINSVILLE","ONONDAGA","New York",379,43.15,-76.33,6.0,M,M,1.0,0.0,0.0,0.0,0.0,M,M,0.0,0.0,1.0,3.0,1.0,M,M,1.0,2.0,1.0,1.0,1.0,M,M,M,3.0,3.0,7.0
US1NYOG0046,"BALDWINSVILLE 3.5 NE","ONONDAGA","New York",390,43.20,-76.29,10.0,9.5,9.0,6.0,2.5,1.0,1.0,T,2.0,2.0,1.0,0.5,5.0,6.0,5.0,5.0,M,M,M,M,M,M,M,M,M,9.5,M,M
US1NYSR0016,"BALLSTON SPA 2.9 ESE","SARATOGA","New York",363,42.99,-73.80,M,M,M,9.0,7.0,5.0,5.0,3.0,3.0,2.0,2.0,2.0,M,9.0,M,M,M,M,M,M,M,M,M,M,M,M,M,M
USC00300443,"BATAVIA","GENESEE","New York",913,43.03,-78.17,12.0,12.0,T,T,T,0.0,T,T,T,T,0.0,6.0,8.0,6.0,T,T,T,3.0,3.0,2.0,2.0,T,T,0.0,T,T,4.0,8.0
US1NYGN0011,"BATAVIA 1.2 W","GENESEE","New York",904,43.00,-78.21,M,M,M,M,M,M,M,M,M,M,M,M,M,M,M,M,M,M,M,5.0,M,M,M,M,M,M,M,8.5
US1NYGN0013,"BATAVIA 3.4 WSW","GENESEE","New York",892,42.99,-78.25,9.0,M,M,M,M,M,M,M,M,M,M,M,M,M,M,M,M,M,M,M,M,M,M,M,M,M,M,M
US1NYSF0034,"BAY SHORE 0.5 ESE","SUFFOLK","New York",4,40.72,-73.24,M,M,M,M,M,M,M,M,M,M,M,M,M,M,M,M,M,M,M,M,1.1,M,M,M,M,M,M,T
US1NYPT0002,"BEACON 4.2 ESE","PUTNAM","New York",854,41.48,-73.89,4.5,4.0,4.0,2.5,1.0,M,M,M,M,M,M,M,4.0,3.5,3.0,2.0,1.5,1.5,1.0,1.0,1.0,1.0,1.0,1.0,0.5,0.5,0.5,0.5
USC00300500,"BEAVER FALLS","LEWIS","New York",740,43.89,-75.43,19.0,M,M,8.0,7.0,5.0,M,1.0,M,M,2.0,1.0,6.0,M,M,8.0,M,7.0,8.0,M,6.0,M,M,M,1.0,1.0,1.0,7.0
USC00300608,"BENNETTS BRIDGE","OSWEGO","New York",660,43.53,-75.95,31.0,M,M,22.0,12.0,10.0,9.0,7.0,M,M,10.0,10.0,13.0,18.0,18.0,M,M,M,14.0,15.0,14.0,13.0,M,M,12.0,13.0,13.0,19.0
US1NYTG0015,"BERKSHIRE 1.9 ENE","TIOGA","New York",1545,42.32,-76.22,11.0,11.0,10.0,9.0,4.0,2.0,1.0,T,0.5,T,0.2,0.4,3.0,3.0,2.0,1.0,0.5,1.0,4.0,4.0,4.5,4.0,3.5,1.5,2.5,2.5,2.5,5.0
US1NYTG0005,"BERKSHIRE 2.0 N","TIOGA","New York",1100,42.33,-76.19,8.0,7.5,7.0,5.0,3.0,2.5,2.0,0.0,T,T,T,T,4.0,4.0,3.5,3.5,2.0,2.5,4.0,4.0,4.0,3.0,2.5,1.5,2.5,2.5,2.5,5.5
US1NYST0004,"BIG FLATS 2.0 W","STEUBEN","New York",935,42.14,-76.97,3.5,M,M,M,M,M,M,M,M,M,M,M,M,M,M,M,M,M,M,M,M,M,M,T,M,M,M,M
USC00300668,"BIG MOOSE 3 SE","HERKIMER","New York",1939,43.82,-74.87,26.0,M,M,24.0,22.0,20.0,19.0,15.0,M,M,15.0,15.0,20.0,23.0,22.0,M,M,M,25.0,25.0,24.0,23.0,M,M,20.0,20.0,20.0,25.0
USW00004725,"BINGHAMTON (GREATER AP)","BROOME","New York",1595,42.21,-75.98,9.1,7.9,7.9,3.9,1.2,T,T,0.0,T,T,T,T,3.1,3.9,3.1,1.2,1.2,2.0,3.1,2.0,3.1,2.0,2.0,2.0,3.1,3.1,2.0,3.9
US1NYBM0024,"BINGHAMTON 1.3 ENE","BROOME","New York",851,42.11,-75.89,M,M,M,M,M,M,M,M,M,M,M,M,M,M,M,M,0.0,M,M,M,M,M,M,M,M,M,M,M
USC00300684,"BINGHAMTON WFO","BROOME","New York",1600,42.21,-75.99,9.0,8.0,8.0,4.0,1.0,T,T,0.0,T,T,T,T,3.0,4.0,3.0,1.0,1.0,2.0,3.0,2.0,3.0,2.0,2.0,2.0,3.0,3.0,2.0,4.0
US1NYER0060,"BLASDELL 1.5 SSW","ERIE","New York",630,42.78,-78.84,9.0,7.0,5.0,0.5,0.0,0.0,T,0.0,0.1,0.0,T,0.3,T,0.5,0.0,T,0.0,2.5,2.0,2.0,0.0,0.0,0.0,0.0,0.1,0.0,0.1,6.0
US1NYOD0004,"BOONVILLE 0.2 NW","ONEIDA","New York",1135,43.48,-75.33,M,M,M,M,M,M,5.0,M,M,M,M,M,M,M,M,M,M,M,M,M,M,M,M,M,M,M,M,M
USC00300785,"BOONVILLE 4 SSW","ONEIDA","New York",1549,43.44,-75.37,16.0,16.0,15.0,13.0,9.0,7.0,6.0,4.0,7.0,6.0,6.0,6.0,10.0,18.0,15.0,12.0,10.0,11.0,13.0,12.0,12.0,12.0,12.0,11.0,17.0,18.0,16.0,21.0
US1NYER0065,"BOSTON 1.5 NE","ERIE","New York",1561,42.65,-78.72,18.0,17.0,15.0,8.0,1.0,T,T,0.0,2.5,2.0,1.0,1.0,2.0,4.0,1.0,1.0,1.0,2.5,3.0,2.0,1.0,1.0,1.0,T,0.5,3.0,3.0,7.5
US1NYER0166,"BOSTON 2.5 NE","ERIE","New York",1609,42.65,-78.70,20.0,18.0,16.0,11.0,6.5,6.0,5.0,3.0,4.0,3.0,3.5,3.5,5.0,7.5,5.5,5.5,5.0,6.5,7.5,6.5,5.5,5.5,5.5,5.0,4.0,7.5,5.5,11.5
USC00300870,"BREWERTON LOCK 23","ONONDAGA","New York",377,43.24,-76.20,10.0,M,M,7.0,3.0,2.0,1.0,0.0,M,M,2.0,2.0,6.0,7.0,6.0,M,M,4.0,5.0,4.0,4.0,3.0,M,M,M,11.0,11.0,14.0
US1NYPT0011,"BREWSTER 0.5 N","PUTNAM","New York",506,41.40,-73.62,M,M,M,M,M,M,M,M,M,M,M,M,2.5,M,M,M,M,T,M,M,T,M,M,M,M,M,M,M
USC00300889,"BRIDGEHAMPTON","SUFFOLK","New York",42,40.95,-72.30,0.0,0.0,0.0,0.0,0.0,0.0,0.0,0.0,0.0,0.0,0.0,0.0,1.0,T,T,0.0,0.0,T,0.0,0.0,0.0,0.0,0.0,0.0,0.0,0.0,0.0,T
US1NYOT0004,"BRIDGEWATER 4.3 SSE","OTSEGO","New York",1060,42.82,-75.23,10.0,8.5,8.5,8.0,3.5,M,1.0,M,0.5,T,T,T,5.0,5.0,5.0,4.0,3.5,4.5,4.5,4.0,M,4.0,3.5,3.5,3.0,3.5,3.5,10.0
US1NYSF0073,"BRIGHTWATERS 0.7 NNW","SUFFOLK","New York",34,40.73,-73.27,0.0,0.0,0.0,0.0,0.0,0.0,0.0,0.0,0.0,0.0,0.0,0.0,0.3,0.0,0.0,0.0,0.0,0.0,0.0,0.0,T,0.0,0.0,0.0,0.0,0.0,0.0,T
US1NYFL0007,"BROADALBIN 4.7 ESE","FULTON","New York",936,43.04,-74.11,M,12.5,12.0,10.5,9.0,7.0,7.0,4.0,4.0,3.5,3.2,M,10.0,11.0,9.0,8.0,8.0,9.0,11.0,10.5,10.0,9.5,9.3,9.0,M,M,M,15.0
USC00300937,"BROCKPORT","MONROE","New York",498,43.22,-77.95,8.0,8.0,7.0,1.0,0.0,0.0,0.0,0.0,1.0,0.0,0.0,1.0,2.0,2.0,2.0,2.0,1.0,5.0,3.0,3.0,1.0,0.0,0.0,0.0,T,1.0,1.0,8.0
US1NYMR0015,"BROCKPORT 0.6 WNW","MONROE","New York",386,43.22,-77.95,8.0,7.5,1.0,0.0,0.0,0.0,0.0,0.5,0.0,0.0,0.0,2.5,2.5,2.0,2.0,1.5,2.5,3.0,0.0,1.0,0.0,0.0,0.0,0.0,1.0,1.0,5.5,6.0
US1NYKN0025,"BROOKLYN 3.1 NW","KINGS","New York",18,40.68,-73.99,M,M,M,M,0.0,M,M,M,M,M,M,M,M,M,M,M,M,M,0.0,M,M,M,M,M,M,M,M,M
US1NYER0109,"BUFFALO 6.7 N","ERIE","New York",619,42.99,-78.87,M,M,M,M,M,M,M,M,M,M,M,M,M,M,0.0,M,M,M,M,M,M,M,M,M,M,M,M,M
USW00014733,"BUFFALO NIAGARA INTL","ERIE","New York",716,42.94,-78.74,22.8,20.9,16.1,3.9,1.2,T,T,T,T,T,T,T,T,5.1,1.2,T,T,2.0,2.0,2.0,T,T,T,0.0,T,T,T,5.1
USC00301068,"BUSKIRK","RENSSELAER","New York",499,42.94,-73.43,2.0,2.0,2.0,1.0,T,0.0,0.0,0.0,0.0,0.0,0.0,0.0,4.0,4.0,4.0,2.0,2.0,2.0,3.0,3.0,4.0,3.0,3.0,3.0,2.0,2.0,2.0,6.0
USC00301102,"CALLICOON CENTER","SULLIVAN","New York",1221,41.83,-74.95,11.0,10.0,10.0,8.0,6.0,5.0,5.0,3.0,2.0,2.0,2.0,2.0,5.0,5.0,4.0,3.0,3.0,5.0,5.0,5.0,7.0,6.0,6.0,5.0,5.0,5.0,5.0,5.0
USC00301110,"CAMDEN","ONEIDA","New York",580,43.33,-75.84,10.0,10.0,9.0,7.0,3.0,3.0,1.0,T,10.0,9.0,8.0,8.0,8.0,16.0,16.0,12.0,11.0,12.0,11.0,10.0,8.0,8.0,7.0,6.0,8.0,10.0,9.0,14.0
US1NYOG0010,"CAMILLUS 1.0 W","ONONDAGA","New York",812,43.04,-76.33,M,M,M,M,M,M,M,M,0.0,M,M,M,M,M,M,M,M,M,M,M,M,M,M,M,M,M,M,M
US1NYTG0026,"CANDOR 0.7 NW","TIOGA","New York",902,42.23,-76.35,6.0,5.5,5.5,4.0,2.0,1.0,T,0.0,0.0,0.0,T,T,3.5,3.0,3.0,2.0,1.5,2.0,2.5,2.5,2.5,1.0,1.0,0.5,1.0,T,T,3.0
USC00301168,"CANDOR 2SE","TIOGA","New York",920,42.19,-76.31,M,M,M,M,M,M,M,M,M,M,M,M,3.0,M,M,M,M,M,M,M,M,M,M,M,M,M,M,3.0
USW00014743,"CANTON 4 SE","ST. LAWRENCE","New York",448,44.58,-75.11,10.0,M,M,M,3.0,2.0,M,1.0,M,M,1.0,1.0,8.0,M,M,4.0,M,M,4.0,4.0,4.0,3.0,M,5.0,2.0,2.0,2.0,3.0
USC00301211,"CARMEL 4N","PUTNAM","New York",680,41.47,-73.65,2.0,2.0,0.0,1.0,0.0,0.0,0.0,0.0,0.0,0.0,0.0,0.0,3.0,1.0,1.0,0.0,0.0,1.0,1.0,0.0,1.0,0.0,0.0,0.0,0.0,0.0,0.0,0.0
USC00305673,"CATTARAUGUS","CATTARAUGUS","New York",1355,42.32,-78.87,6.0,6.0,5.0,2.0,0.0,0.0,0.0,0.0,2.0,1.0,1.0,2.0,2.0,5.0,1.0,1.0,1.0,2.0,3.0,2.0,T,0.0,0.0,0.0,8.0,8.0,6.0,8.0
US1NYCY0014,"CAYUGA 4.0 NNE","CAYUGA","New York",472,42.98,-76.71,M,M,M,M,M,M,M,M,M,M,M,M,M,5.0,M,5.0,M,5.0,M,M,M,M,M,M,M,M,M,M
US1NYMD0010,"CAZENOVIA 2.9 SE","MADISON","New York",1463,42.90,-75.81,10.0,9.5,9.5,6.0,0.0,0.0,0.0,0.0,M,1.5,0.0,0.0,6.0,4.5,M,3.0,3.5,3.5,4.5,4.5,3.5,3.0,3.0,2.5,M,3.5,M,10.0
USC00301309,"CENTERPORT","SUFFOLK","New York",30,40.88,-73.37,0.0,0.0,0.0,0.0,0.0,0.0,0.0,0.0,0.0,0.0,0.0,0.0,1.0,0.0,0.0,0.0,0.0,0.0,0.0,0.0,1.0,0.0,0.0,0.0,0.0,0.0,0.0,0.0
USC00301388,"CHASES LAKE","LEWIS","New York",1281,43.76,-75.30,17.0,16.0,15.0,13.0,9.0,7.0,6.0,3.0,4.0,4.0,4.0,4.0,8.0,10.0,10.0,9.0,9.0,10.0,11.0,11.0,10.0,10.0,10.0,9.0,10.0,9.0,9.0,14.0
US1NYER0122,"CHEEKTOWAGA 2.4 NW","ERIE","New York",671,42.93,-78.78,12.0,11.0,8.0,2.0,T,T,T,T,T,T,T,0.2,T,2.5,T,T,T,2.0,2.0,1.5,T,T,T,T,T,0.5,T,5.0
US1NYER0102,"CHEEKTOWAGA 2.7 NE","ERIE","New York",703,42.94,-78.72,23.0,21.0,16.0,0.0,1.0,T,T,T,T,T,T,T,T,5.0,1.0,T,T,2.0,2.0,2.0,T,0.0,T,0.0,T,T,T,5.0
US1NYCM0024,"CHEMUNG 5.7 N","CHEMUNG","New York",1069,42.09,-76.63,3.0,2.5,2.0,1.0,0.0,0.0,0.0,0.0,0.0,0.0,0.0,1.5,2.5,2.0,1.5,0.5,0.0,0.5,1.0,0.5,1.0,0.0,0.0,0.0,0.5,0.0,0.5,2.5
US1NYMD0016,"CHITTENANGO 2.1 ESE","MADISON","New York",683,43.03,-75.83,M,M,M,M,0.0,0.0,0.0,0.0,0.5,M,M,0.0,M,M,M,M,M,M,M,M,M,M,M,M,M,M,M,M
US1NYMR0057,"CHURCHVILLE 3.5 N","MONROE","New York",627,43.15,-77.88,M,M,M,M,M,M,M,0.0,M,M,M,M,M,M,M,M,M,M,M,M,M,M,M,M,M,M,M,M
US1NYER0151,"CLARENCE CENTER 0.2 ESE","ERIE","New York",648,43.01,-78.63,17.0,15.5,10.0,4.5,T,T,T,T,T,T,T,0.2,1.0,4.5,1.5,0.5,T,2.1,2.5,2.5,T,T,M,M,M,M,M,M
US1NYER0051,"CLARENCE CENTER 0.9 N","ERIE","New York",631,43.02,-78.63,13.0,M,M,M,M,M,M,M,M,M,M,M,M,M,M,M,M,2.0,M,M,M,M,M,M,M,M,M,5.0
US1NYOG0066,"CLAY 2.0 SE","ONONDAGA","New York",397,43.17,-76.15,7.5,7.0,6.0,3.5,T,0.0,0.0,0.0,2.5,3.0,1.0,0.0,4.5,6.0,4.5,4.0,4.0,M,M,M,M,2.5,M,2.5,4.0,12.0,9.0,14.0
US1NYOG0012,"CLAY 4.6 NW","ONONDAGA","New York",380,43.20,-76.26,10.0,M,M,6.0,3.0,1.0,T,0.0,0.4,2.5,1.0,0.5,5.5,6.0,5.5,M,M,M,M,4.0,3.5,3.0,M,2.0,2.0,9.5,9.0,16.0
US1NYSR0029,"CLIFTON PARK 2.7 S","SARATOGA","New York",289,42.82,-73.79,M,M,M,M,6.4,M,M,M,M,M,M,M,M,M,M,M,M,8.0,9.0,M,M,M,M,M,M,8.0,M,M
USC00301595,"COBLESKILL 2 ESE","SCHOHARIE","New York",1169,42.67,-74.44,3.0,3.0,3.0,T,T,T,T,T,T,T,T,0.0,4.0,4.0,4.0,2.0,M,2.0,3.0,2.0,3.0,3.0,2.0,2.0,T,T,T,4.0
US1NYPT0004,"COLD SPRING 8.1 NE","PUTNAM","New York",451,41.50,-73.84,2.8,2.7,2.4,0.5,T,M,M,M,M,M,M,M,3.0,2.3,1.6,T,T,0.5,0.3,T,0.9,T,T,T,T,T,T,0.2
USC00301625,"COLDEN 1W","ERIE","New York",1535,42.65,-78.71,16.0,13.0,10.0,6.0,1.0,T,T,T,1.0,T,T,1.0,2.0,4.0,2.0,1.0,1.0,3.0,3.0,3.0,1.0,1.0,1.0,T,1.0,4.0,5.0,7.0
US1NYER0077,"COLDEN 2.4 ENE","ERIE","New York",1650,42.65,-78.61,19.0,16.0,13.0,9.0,5.0,5.0,2.0,0.0,3.0,2.0,2.0,2.0,5.5,8.0,4.0,4.5,4.5,6.0,6.5,6.5,5.5,5.5,5.0,4.0,6.5,8.0,8.0,12.0
USC00301708,"CONKLINGVILLE DAM","SARATOGA","New York",808,43.32,-73.93,18.0,M,M,16.0,12.0,11.0,11.0,10.0,M,M,9.0,9.0,16.0,16.0,16.0,M,M,M,17.0,16.0,16.0,16.0,M,M,15.0,17.0,16.0,21.0
USC00301752,"COOPERSTOWN","OTSEGO","New York",1257,42.72,-74.93,18.0,14.0,11.0,7.0,5.0,5.0,3.0,2.0,2.0,2.0,T,5.0,8.0,7.0,4.0,4.0,5.0,7.0,6.0,6.0,5.0,5.0,5.0,4.0,7.0,7.0,12.0,12.0
USC00301787,"CORNING","STEUBEN","New York",1147,42.13,-77.07,4.0,4.0,4.0,3.0,2.0,T,0.0,M,T,0.0,T,1.0,3.0,4.0,2.0,2.0,2.0,2.0,2.0,2.0,3.0,2.0,2.0,2.0,2.0,1.0,1.0,6.0
US1NYOR0002,"CORNWALL ON HUDSON 0.6 NNW","ORANGE","New York",167,41.45,-74.02,M,M,M,M,M,0.0,M,M,M,M,M,M,3.0,M,M,M,M,1.0,M,0.5,M,M,M,M,M,M,M,T
US1NYSR0036,"COUNTRY KNOLLS 1.2 WNW","SARATOGA","New York",337,42.92,-73.83,9.0,9.0,9.0,7.0,5.0,3.0,3.0,2.0,2.0,2.0,2.0,2.0,7.0,7.0,7.0,5.0,M,6.0,7.0,7.0,7.0,6.0,5.0,5.0,5.0,6.0,5.0,10.0
USC00301974,"DANSVILLE","LIVINGSTON","New York",660,42.56,-77.72,3.0,1.0,1.0,0.0,0.0,0.0,0.0,0.0,0.0,0.0,T,1.0,2.0,3.0,1.0,0.0,0.0,1.0,2.0,1.0,T,0.0,0.0,0.0,T,T,T,8.0
US1NYLV0005,"DANSVILLE 1.0 ENE","LIVINGSTON","New York",1505,42.57,-77.68,M,M,M,M,M,M,M,M,M,M,M,M,M,M,M,15.0,M,M,M,M,M,M,M,M,M,M,0.5,M
US1NYLV0001,"DANSVILLE 3.6 WSW","LIVINGSTON","New York",1516,42.53,-77.76,5.0,4.5,3.0,0.0,0.0,0.0,0.0,0.0,0.1,T,T,0.1,2.5,5.0,4.5,3.0,2.0,4.0,6.0,2.0,3.0,2.5,2.0,1.5,2.5,2.5,2.5,7.5
US1NYGN0018,"DARIEN CENTER 2.2 W","GENESEE","New York",1005,42.90,-78.43,M,M,M,M,M,M,M,M,M,T,M,M,M,M,M,M,M,M,M,M,M,M,M,M,M,M,M,M
US1NYOG0002,"DE WITT 1.4 WSW","ONONDAGA","New York",630,43.03,-76.10,5.0,5.0,4.5,T,0.0,0.0,0.0,0.0,T,T,T,T,5.0,7.0,5.0,4.0,4.0,5.0,6.0,5.0,4.0,4.0,4.0,3.0,0.5,3.5,3.0,9.5
USC00302031,"DELANSON 2NE","SCHENECTADY","New York",984,42.77,-74.17,7.0,8.0,7.0,7.0,5.0,4.0,4.0,3.0,3.0,M,M,M,M,M,M,6.0,3.0,4.0,3.0,3.0,3.0,3.0,3.0,3.0,3.0,3.0,3.0,5.0
US1NYDL0005,"DELHI 1.5 NNE","DELAWARE","New York",1516,42.30,-74.90,M,M,M,M,M,M,M,M,M,M,M,M,M,M,M,M,M,M,M,M,M,M,M,M,M,5.0,M,M
USC00302036,"DELHI 2 SE","DELAWARE","New York",1460,42.25,-74.90,15.0,15.0,15.0,8.0,2.0,T,T,0.0,0.0,0.0,0.0,0.0,3.0,3.0,2.0,1.0,1.0,1.0,1.0,1.0,2.0,2.0,2.0,2.0,5.0,3.0,3.0,5.0
US1NYDL0032,"DELHI 6.6 WNW","DELAWARE","New York",2021,42.32,-75.03,M,M,M,M,M,2.0,2.0,M,T,T,T,T,3.0,M,M,M,M,M,M,M,M,M,M,M,M,M,M,M
US1NYHR0012,"DOLGEVILLE 1.9 NW","HERKIMER","New York",1026,43.12,-74.80,M,M,M,M,13.2,M,M,M,M,M,11.5,M,M,M,M,M,M,M,M,M,M,M,M,M,M,M,M,M
USC00302169,"DOWNSVILLE DAM","DELAWARE","New York",1200,42.08,-74.98,0.0,M,M,0.0,0.0,0.0,0.0,0.0,M,M,0.0,0.0,2.0,1.0,M,M,M,M,1.0,1.0,1.0,0.0,M,M,M,0.0,0.0,1.0
US1NYSY0012,"DUNDEE 5.7 ESE","SCHUYLER","New York",922,42.50,-76.87,2.0,2.0,1.0,0.5,T,M,M,M,T,M,M,M,M,M,M,M,M,M,M,1.5,1.5,0.5,T,T,T,T,T,4.5
US1NYSY0011,"DUNDEE 6.2 E","SCHUYLER","New York",1089,42.52,-76.86,2.0,2.0,1.0,0.0,M,0.0,0.0,0.0,T,T,T,T,3.5,5.0,2.0,1.0,1.0,2.5,3.0,3.0,2.5,1.0,M,T,1.0,T,M,5.0
USC00302197,"DUNKIRK","CHAUTAUQUA","New York",631,42.47,-79.33,9.0,8.0,6.0,2.0,0.0,0.0,0.0,0.0,T,T,T,T,T,1.0,0.0,0.0,0.0,1.0,3.0,1.0,0.0,0.0,0.0,0.0,T,T,1.0,4.0
US1NYOD0023,"DURHAMVILLE 3.5 NNW","ONEIDA","New York",394,43.17,-75.68,8.0,8.0,8.0,3.0,0.5,T,T,0.0,1.5,2.0,0.5,T,6.0,7.0,5.5,3.0,3.0,3.0,5.0,3.5,3.5,2.0,1.5,1.0,1.5,9.0,8.0,12.0
US1NYMD0009,"EARLVILLE 0.4 W","MADISON","New York",1080,42.74,-75.55,10.5,10.0,9.0,6.5,2.5,1.5,0.5,T,T,T,T,0.0,5.0,6.0,4.5,3.0,3.0,3.5,4.0,4.0,2.0,2.0,2.0,2.0,4.5,6.0,6.0,11.0
US1NYER0050,"EAST AURORA 0.1 ENE","ERIE","New York",919,42.77,-78.62,11.0,10.0,9.0,4.0,0.5,T,0.0,0.0,0.5,0.5,0.5,0.5,0.5,2.0,0.5,T,T,1.5,2.0,M,M,M,M,M,0.5,0.5,0.5,5.5
US1NYER0066,"EAST AURORA 1.0 ESE","ERIE","New York",1017,42.76,-78.60,17.0,11.0,7.0,4.0,2.0,0.0,T,0.5,0.5,T,0.2,0.0,3.5,4.0,3.5,3.1,2.9,4.0,3.5,2.5,2.0,2.0,1.5,1.5,3.0,2.0,6.0,7.0
US1NYER0158,"EAST AURORA 2.7 SSE","ERIE","New York",1085,42.73,-78.61,M,M,M,M,M,M,M,M,M,M,M,M,M,M,M,M,M,M,M,M,M,M,M,M,M,M,3.0,M
US1NYER0138,"EAST AURORA 3.4 NNE","ERIE","New York",884,42.81,-78.60,10.0,9.0,7.3,1.4,T,T,T,0.0,0.5,0.4,0.2,0.2,0.4,1.1,T,0.2,T,2.6,2.5,2.0,T,T,T,T,0.6,0.5,0.6,6.2
US1NYTM0018,"EAST ITHACA 4.7 E","TOMPKINS","New York",1161,42.42,-76.37,10.0,9.0,9.0,5.0,1.0,T,T,0.0,0.0,0.0,T,T,3.5,4.0,2.0,1.0,0.5,1.0,4.0,4.0,3.5,2.0,2.0,0.5,1.0,0.5,0.5,5.5
USC00302366,"EAST JEWETT","GREENE","New York",1991,42.23,-74.14,11.0,11.0,10.0,8.0,6.0,4.0,3.0,3.0,0.0,0.0,0.0,0.0,4.0,4.0,3.0,2.0,1.0,3.0,3.0,3.0,3.0,2.0,2.0,1.0,2.0,2.0,2.0,2.0
USC00302454,"EAST SIDNEY","DELAWARE","New York",1155,42.33,-75.23,9.0,M,M,M,1.0,M,M,0.0,0.0,M,M,M,5.0,M,3.0,M,M,M,2.0,M,1.0,0.0,M,M,M,M,M,3.0
US1NYSR0011,"EDINBURG 4.7 NNE","SARATOGA","New York",1240,43.29,-74.09,25.0,24.5,23.5,23.0,20.0,18.0,16.5,15.5,14.5,14.5,14.0,13.5,21.0,22.0,21.0,19.5,19.0,20.5,M,M,20.5,20.0,19.0,18.5,19.5,23.0,22.5,27.0
USC00302574,"ELLENBURG DEPOT","CLINTON","New York",950,44.91,-73.82,M,M,M,1.0,1.0,M,M,1.0,1.0,1.0,1.0,8.0,8.0,M,6.0,M,5.0,5.0,5.0,M,M,4.0,M,3.0,2.0,2.0,M,2.0
US1NYER0096,"ELMA 2.7 WSW","ERIE","New York",835,42.81,-78.68,M,M,M,9.0,M,M,M,M,M,M,M,M,M,M,M,M,M,M,M,M,M,M,M,M,M,M,M,M
US1NYER0075,"ELMA CENTER 0.7 SE","ERIE","New York",872,42.82,-78.62,15.0,13.5,11.0,7.0,4.0,3.5,3.0,1.0,1.0,0.5,0.5,1.0,1.0,1.5,0.5,0.5,0.5,3.5,2.5,2.5,1.0,0.5,0.5,T,1.0,0.5,0.5,6.0
USC00302610,"ELMIRA","CHEMUNG","New York",947,42.10,-76.84,3.0,3.0,3.0,2.0,0.0,0.0,0.0,0.0,0.0,0.0,T,T,2.0,2.0,1.0,T,T,1.0,T,0.0,1.0,T,0.0,0.0,T,0.0,T,2.0
US1NYCM0013,"ELMIRA 0.7 WNW","CHEMUNG","New York",884,42.10,-76.82,M,M,M,M,M,M,M,M,M,M,M,M,M,M,M,M,M,M,M,M,M,M,M,M,0.3,M,M,M
US1NYCM0021,"ELMIRA 1.2 WNW","CHEMUNG","New York",932,42.10,-76.83,M,M,M,M,0.1,0.0,0.0,0.0,0.0,0.0,T,0.2,2.5,1.3,0.0,0.0,T,0.5,0.5,0.0,0.6,0.0,0.0,0.0,T,T,T,2.7
US1NYCM0003,"ELMIRA 1.3 ESE","CHEMUNG","New York",840,42.08,-76.79,M,M,M,M,M,M,M,M,M,0.0,0.3,M,3.0,M,M,M,M,0.5,0.5,M,M,M,M,0.0,T,M,M,2.5
US1NYCM0006,"ELMIRA 3.2 E","CHEMUNG","New York",1120,42.09,-76.75,M,M,M,M,M,M,M,M,M,M,M,T,3.0,M,M,M,M,0.5,M,M,M,M,M,M,M,M,1.0,2.5
USC00305113,"EMMONS","OTSEGO","New York",1225,42.47,-75.01,11.0,10.0,8.0,6.0,3.0,0.0,T,T,T,0.0,0.0,0.0,4.0,3.0,2.0,0.0,0.0,1.0,2.0,2.0,2.0,2.0,2.0,1.0,2.0,3.0,3.0,7.0
US1NYBM0004,"ENDICOTT 5.2 SSE","BROOME","New York",1040,42.03,-76.02,M,M,M,M,M,M,M,M,0.0,M,0.0,0.0,M,M,M,0.0,0.0,0.0,M,M,M,M,M,0.0,0.0,M,M,1.0
US1NYUL0032,"ESOPUS 0.8 NNE","ULSTER","New York",162,41.84,-73.96,M,M,M,M,M,M,M,M,M,M,M,M,4.0,M,M,M,M,M,M,M,M,M,M,M,M,M,M,M
US1NYCQ0035,"FALCONER 0.3 WSW","CHAUTAUQUA","New York",1266,42.12,-79.20,7.5,M,M,M,M,M,M,M,1.0,0.4,1.3,1.0,1.4,3.5,1.4,1.0,M,1.8,1.5,1.5,1.0,T,T,0.0,4.0,4.0,4.0,6.0
US1NYSF0114,"FISHERS ISLAND 0.5 NE","SUFFOLK","New York",45,41.26,-72.02,M,M,M,M,M,M,M,M,M,M,M,M,1.1,M,M,M,M,M,M,M,T,M,M,M,M,M,M,T
US1NYDT0016,"FISHKILL 1.2 NE","DUTCHESS","New York",349,41.55,-73.88,M,M,M,M,M,M,M,M,M,M,M,M,M,M,M,M,M,0.5,M,M,1.5,M,M,M,M,M,M,M
US1NYDL0028,"FLEISCHMANNS 5.7 N","DELAWARE","New York",2495,42.24,-74.52,6.0,5.0,4.5,3.0,1.0,1.0,0.5,0.0,0.0,0.0,0.0,0.0,2.0,3.5,3.5,2.0,1.5,1.5,1.5,1.0,1.5,1.0,1.0,1.0,4.0,4.5,3.5,4.0
US1NYNS0007,"FLORAL PARK 0.4 W","NASSAU","New York",79,40.72,-73.71,M,M,M,M,M,M,M,M,M,M,M,M,M,M,M,M,M,M,M,M,M,M,M,M,0.0,M,M,M
USC00303025,"FRANKLINVILLE","CATTARAUGUS","New York",1578,42.33,-78.46,8.0,8.0,5.0,4.0,0.0,0.0,0.0,0.0,2.0,2.0,2.0,3.0,3.0,7.0,3.0,1.0,1.0,3.0,3.0,3.0,2.0,2.0,1.0,1.0,6.0,8.0,8.0,11.0
US1NYCT0022,"FRANKLINVILLE 0.5 NNE","CATTARAUGUS","New York",1603,42.34,-78.45,M,M,6.0,M,M,M,M,M,0.1,M,M,M,M,M,M,M,M,M,M,M,M,M,M,M,M,M,2.8,M
US1NYCQ0022,"FREDONIA 0.8 WNW","CHAUTAUQUA","New York",680,42.44,-79.35,9.5,9.0,6.0,1.0,0.0,0.0,0.0,0.0,0.3,0.0,0.0,0.0,0.3,0.5,0.0,0.0,T,1.0,2.5,1.5,0.0,0.0,0.0,0.0,1.0,T,1.0,5.0
US1NYGR0006,"FREEHOLD 3.4 E","GREENE","New York",754,42.36,-73.98,M,M,M,M,M,M,M,M,T,T,T,M,4.5,M,M,M,M,M,M,M,M,1.0,M,1.0,M,M,M,3.0
US1NYCR0001,"FREETOWN 1.0 NE","CORTLAND","New York",1564,42.53,-76.02,11.0,10.5,10.0,8.0,5.0,4.5,4.0,2.0,1.5,1.5,1.5,1.5,4.5,5.5,5.0,4.5,4.5,5.5,6.5,6.0,6.5,6.0,5.5,5.5,6.5,6.5,6.5,11.5
USC00303050,"FREEVILLE 1 NE","TOMPKINS","New York",1042,42.52,-76.34,3.0,3.0,2.0,T,T,0.0,0.0,0.0,0.0,0.0,T,T,3.0,4.0,2.0,1.0,0.0,2.0,2.0,2.0,1.0,1.0,1.0,0.0,T,T,T,6.0
US1NYTM0005,"FREEVILLE 1.5 NE","TOMPKINS","New York",1073,42.53,-76.32,9.0,9.0,8.0,5.0,T,0.0,0.0,0.0,T,T,T,T,3.0,4.0,3.0,3.0,3.0,4.0,5.0,3.0,3.0,2.0,2.0,1.0,T,T,T,4.0
US1NYTM0023,"FREEVILLE 3.7 W","TOMPKINS","New York",1155,42.50,-76.42,M,M,M,M,M,M,M,M,M,M,M,M,M,M,M,M,M,M,M,M,M,M,M,M,M,T,M,M
USC00303087,"FULTON","OSWEGO","New York",360,43.30,-76.39,10.0,10.0,10.0,6.0,2.0,1.0,0.0,0.0,6.0,8.0,5.0,3.0,6.0,8.0,3.0,4.0,4.0,5.0,4.0,2.0,2.0,2.0,2.0,2.0,3.0,6.0,4.0,9.0
US1NYOS0020,"FULTON 0.2 W","OSWEGO","New York",397,43.32,-76.42,10.2,10.0,9.0,7.0,2.6,1.0,0.5,0.2,11.0,10.0,9.0,7.0,8.2,10.0,5.5,4.6,3.0,5.0,6.1,7.0,4.0,3.0,2.0,1.5,2.5,7.5,4.5,11.0
USC00303088,"FULTON LOCK O-3","OSWEGO","New York",336,43.32,-76.42,M,M,M,M,M,M,M,M,M,M,M,M,M,M,M,M,M,M,7.0,M,M,M,M,M,M,M,M,M
US1NYFK0009,"GABRIELS 1.3 SE","FRANKLIN","New York",1688,44.42,-74.16,16.0,M,18.0,14.5,12.5,10.5,9.5,9.0,9.0,9.0,9.0,8.5,13.0,15.0,14.5,14.0,13.0,13.5,15.5,15.0,14.0,13.5,13.0,12.0,14.0,16.0,15.5,16.0
USC00303184,"GENEVA RESEARCH FARM","ONTARIO","New York",718,42.88,-77.03,4.0,4.0,3.0,1.0,0.0,0.0,0.0,0.0,0.0,0.0,0.0,0.0,4.0,5.0,4.0,3.0,3.0,4.0,4.0,4.0,3.0,2.0,2.0,1.0,0.0,1.0,1.0,8.0
US1NYAB0032,"GLENMONT 2.5 SW","ALBANY","New York",179,42.58,-73.80,M,M,M,M,M,M,M,M,M,M,M,M,M,M,M,M,M,1.0,M,M,M,M,M,M,M,M,M,M
US1NYER0063,"GLENWOOD 1.5 SE","ERIE","New York",1411,42.60,-78.64,12.0,11.0,10.0,6.0,2.0,T,T,0.0,0.5,0.2,0.5,0.5,1.5,3.0,2.0,1.0,1.0,2.0,2.0,1.5,1.0,1.0,0.5,0.5,1.5,3.0,3.0,7.0
USC00303322,"GLOVERSVILLE 7NW PECK LAKE","FULTON","New York",1455,43.12,-74.42,23.0,23.0,22.0,21.0,18.0,15.0,15.0,13.0,14.0,13.0,13.0,13.0,20.0,25.0,24.0,21.0,20.0,22.0,23.0,22.0,22.0,22.0,21.0,21.0,23.0,26.0,25.0,29.0
USC00303346,"GOUVERNEUR 3 NW","ST. LAWRENCE","New York",420,44.35,-75.51,16.0,16.0,M,11.0,8.0,7.0,M,6.0,6.0,6.0,5.0,4.0,10.0,10.0,9.0,8.0,8.0,9.0,9.0,8.0,7.0,6.0,6.0,5.0,5.0,4.0,4.0,6.0
USC00303444,"GREENE","CHENANGO","New York",920,42.32,-75.77,M,M,6.0,4.0,2.0,2.0,T,T,0.0,0.0,0.0,0.0,3.0,3.0,3.0,2.0,2.0,3.0,2.0,2.0,3.0,2.0,2.0,2.0,1.0,T,T,2.0
US1NYSR0022,"GREENFIELD CENTER 1.6 W","SARATOGA","New York",603,43.13,-73.88,M,M,M,18.5,M,M,13.0,M,M,M,10.0,M,M,M,M,M,M,M,M,M,M,M,M,M,M,M,M,M
US1NYGR0007,"GREENVILLE 0.7 E","GREENE","New York",816,42.41,-74.01,9.0,9.0,8.5,6.5,3.0,1.5,1.0,M,M,M,M,M,5.0,4.0,3.5,2.5,2.5,4.5,4.0,4.0,4.0,2.0,2.0,2.0,1.5,1.0,1.0,5.0
US1NYOR0019,"GREENWOOD LAKE 3.0 SW","ORANGE","New York",640,41.19,-74.33,1.0,1.0,0.5,T,M,M,M,M,M,M,M,M,1.3,0.5,0.5,T,T,T,T,T,1.0,T,T,0.0,0.0,M,M,0.1
US1NYTM0004,"GROTON 0.5 NW","TOMPKINS","New York",1034,42.59,-76.37,10.0,9.0,8.0,7.0,4.0,2.0,1.0,0.0,0.0,0.0,T,T,4.0,4.0,4.0,3.0,2.0,4.0,5.0,4.0,4.0,3.0,2.0,2.0,1.0,1.0,1.0,6.0
US1NYER0125,"HAMBURG 0.3 ESE","ERIE","New York",818,42.72,-78.83,M,M,M,M,M,M,M,M,M,M,M,M,M,M,0.0,M,M,M,M,M,M,M,M,M,M,M,M,M
US1NYER0039,"HAMBURG 0.4 WSW","ERIE","New York",792,42.72,-78.84,12.0,10.0,7.5,3.5,0.5,0.5,T,M,T,T,T,T,T,0.5,M,T,M,1.5,1.5,1.0,T,M,M,M,0.5,0.5,0.5,5.5
US1NYSL0006,"HANNAWA FALLS 0.1 SW","ST. LAWRENCE","New York",561,44.61,-74.97,18.0,18.0,20.0,15.0,10.0,6.0,4.0,4.0,4.0,4.0,4.0,4.0,11.0,12.0,12.0,8.0,8.0,8.0,9.0,9.0,5.0,5.0,4.0,4.0,4.0,4.0,4.0,4.5
US1NYOT0011,"HARTWICK","OTSEGO","New York",1335,42.66,-75.05,15.0,13.5,12.0,9.0,7.0,4.0,2.0,1.0,0.5,1.0,1.0,1.0,6.0,7.5,6.0,5.5,5.0,7.0,6.5,5.5,5.0,5.0,4.5,3.0,4.0,3.0,3.0,8.0
US1NYMG0003,"HESSVILLE 1.8 WSW","MONTGOMERY","New York",1050,42.86,-74.72,8.0,8.0,8.0,4.0,2.5,2.0,1.5,1.0,0.6,1.1,0.7,0.7,5.1,4.7,3.5,2.4,2.2,3.4,4.0,2.6,2.3,2.0,2.0,2.0,1.5,3.0,3.0,7.1
US1NYNS0018,"HICKSVILLE 1.3 ENE","NASSAU","New York",150,40.77,-73.50,M,M,M,M,M,M,M,M,M,M,M,M,M,M,M,M,M,M,M,0.0,M,M,M,M,M,M,M,M
US1NYUL0029,"HIGHLAND 0.2 SW","ULSTER","New York",383,41.71,-73.97,6.5,6.0,5.0,3.0,1.5,0.5,0.5,0.0,0.0,0.0,0.0,0.0,3.0,3.0,2.5,1.5,1.5,3.5,4.0,3.5,4.5,3.0,3.0,3.0,2.5,2.0,1.5,2.0
USC00303851,"HIGHMARKET 2W","LEWIS","New York",1804,43.61,-75.55,18.0,17.0,16.0,13.0,9.0,8.0,7.0,4.0,7.0,6.0,6.0,5.0,9.0,17.0,17.0,16.0,14.0,14.0,15.0,14.0,13.0,13.0,13.0,13.0,16.0,15.0,15.0,20.0
US1NYCB0009,"HILLSDALE 5.8 S","COLUMBIA","New York",1237,42.26,-73.54,M,5.5,M,3.0,1.5,M,M,M,M,M,M,M,3.5,3.0,3.0,1.5,1.0,M,M,3.0,2.5,M,M,M,M,M,M,M
US1NYDL0025,"HOBART 4.8 ESE","DELAWARE","New York",2220,42.35,-74.58,8.0,8.0,8.0,4.0,2.0,0.0,0.0,0.0,0.0,0.0,0.0,0.0,4.0,4.0,4.0,2.5,2.0,2.5,2.5,2.5,2.0,1.5,1.5,1.5,1.5,1.5,1.5,4.0
US1NYOD0007,"HOLLAND PATENT 1.5 WSW","ONEIDA","New York",590,43.24,-75.29,M,2.0,1.0,3.0,3.0,2.0,2.5,2.2,9.0,2.0,3.0,2.0,M,M,M,11.0,M,M,M,M,3.0,3.0,M,3.0,4.0,3.0,M,10.0
USC00303955,"HONEOYE","ONTARIO","New York",800,42.79,-77.51,2.0,2.0,2.0,0.0,0.0,0.0,0.0,0.0,T,0.0,T,T,4.0,5.0,3.0,1.0,1.0,2.0,2.0,2.0,T,T,T,0.0,2.0,2.0,1.0,8.0
USC00303961,"HOOKER 12 NNW","LEWIS","New York",1478,43.85,-75.72,44.0,41.0,38.0,31.0,24.0,22.0,21.0,16.0,16.0,16.0,16.0,16.0,18.0,22.0,21.0,22.0,22.0,24.0,25.0,25.0,25.0,24.0,24.0,23.0,26.0,26.0,25.0,29.0
USC00303983,"HORNELL ALMOND DAM","STEUBEN","New York",1325,42.35,-77.70,6.0,6.0,6.0,3.0,0.0,0.0,0.0,0.0,1.0,0.0,1.0,1.0,4.0,6.0,5.0,4.0,4.0,5.0,5.0,4.0,4.0,3.0,2.0,2.0,5.0,4.0,4.0,9.0
US1NYCB0001,"HUDSON 8.2 S","COLUMBIA","New York",298,42.13,-73.77,M,M,M,M,M,M,M,M,M,M,M,M,M,M,M,M,M,M,3.5,M,M,M,M,M,M,M,M,M
US1NYUL0031,"HURLEY 2.2 S","ULSTER","New York",164,41.88,-74.06,13.0,M,9.0,8.0,7.0,4.0,1.0,1.0,T,T,T,T,4.0,3.0,2.0,2.0,1.0,3.0,3.0,3.0,4.0,M,M,M,M,M,M,4.0
US1NYHR0016,"ILION 0.7 WSW","HERKIMER","New York",528,43.01,-75.05,8.0,7.5,7.5,6.0,3.0,2.0,0.5,T,0.5,1.0,0.5,T,5.5,6.0,6.5,3.0,3.0,5.0,6.0,6.0,5.0,4.0,3.5,3.5,3.5,6.0,3.5,8.0
USC00304102,"INDIAN LAKE 2SW","HAMILTON","New York",1670,43.75,-74.28,30.0,29.0,28.0,27.0,26.0,23.0,22.0,19.0,19.0,19.0,19.0,19.0,26.0,27.0,27.0,26.0,26.0,27.0,28.0,28.0,27.0,27.0,27.0,27.0,29.0,30.0,29.0,33.0
USW00004781,"ISLIP-LI MACARTHUR AP","SUFFOLK","New York",84,40.79,-73.10,0.0,0.0,0.0,0.0,0.0,0.0,0.0,0.0,0.0,0.0,0.0,0.0,1.2,0.0,0.0,0.0,0.0,0.0,0.0,0.0,T,0.0,0.0,0.0,0.0,0.0,0.0,T
US1NYTM0003,"ITHACA 1.1 SE","TOMPKINS","New York",650,42.43,-76.49,M,M,M,M,M,M,M,M,0.0,M,M,M,M,M,M,M,M,1.1,M,M,M,M,M,M,M,M,M,M
US1NYTM0042,"ITHACA 6.4 E","TOMPKINS","New York",1204,42.43,-76.38,M,M,M,M,M,M,M,M,M,M,M,M,M,M,2.5,M,M,M,M,M,M,M,M,M,M,M,M,M
USC00304174,"ITHACA CORNELL UNIV","TOMPKINS","New York",960,42.45,-76.45,5.0,4.0,3.0,T,0.0,0.0,0.0,0.0,0.0,0.0,T,T,2.0,2.0,2.0,1.0,T,T,1.0,T,T,T,T,T,T,T,T,4.0
USC00304207,"JAMESTOWN 4 ENE","CHAUTAUQUA","New York",1250,42.11,-79.16,8.0,8.0,6.0,4.0,0.0,0.0,0.0,0.0,1.0,1.0,1.0,T,1.0,4.0,T,T,T,2.0,2.0,1.0,T,T,0.0,0.0,4.0,5.0,6.0,8.0
US1NYCQ0036,"JAMESTOWN 5.0 NNW","CHAUTAUQUA","New York",1773,42.16,-79.28,12.5,12.5,11.5,8.0,4.0,3.0,1.5,1.0,M,M,1.5,1.5,3.5,7.0,3.5,3.5,3.0,4.0,4.5,4.0,4.0,3.5,3.0,3.0,9.0,8.5,8.5,10.0
USW00094789,"JFK INTERNATIONAL AIRPORT","QUEENS","New York",11,40.64,-73.76,0.0,0.0,0.0,0.0,0.0,0.0,0.0,0.0,0.0,0.0,0.0,0.0,1.2,0.0,0.0,0.0,0.0,0.0,0.0,0.0,1.2,0.0,0.0,0.0,0.0,0.0,0.0,T
US1NYES0007,"KEESEVILLE 0.8 SE","ESSEX","New York",528,44.50,-73.47,8.5,8.0,9.5,8.0,7.5,5.0,4.5,3.5,2.5,2.5,2.5,2.5,9.0,10.5,9.5,6.5,6.5,7.5,9.5,8.5,8.5,7.0,6.5,6.5,5.5,4.5,4.5,5.5
US1NYER0059,"KENMORE 0.3 ESE","ERIE","New York",612,42.96,-78.87,23.0,20.0,12.0,4.0,T,0.0,0.0,0.0,T,T,T,T,1.0,5.0,T,T,T,2.0,2.0,2.0,T,0.0,0.0,0.0,1.0,1.0,T,4.0
US1NYCQ0034,"KENNEDY 2.6 SE","CHAUTAUQUA","New York",1569,42.13,-79.07,M,M,M,M,M,M,M,M,M,M,M,M,M,M,M,M,M,M,M,M,M,M,M,T,6.0,5.0,5.0,7.5
US1NYUL0028,"KERHONKSON 3.7 N","ULSTER","New York",896,41.83,-74.30,M,M,M,6.0,3.5,M,2.0,M,M,M,M,M,4.0,3.0,M,M,M,3.0,M,3.0,4.5,M,M,M,M,M,M,M
US1NYUL0022,"KINGSTON 2.1 N","ULSTER","New York",183,41.96,-74.00,10.0,9.0,M,5.0,3.0,3.0,M,1.0,0.0,M,0.0,M,M,M,1.0,1.0,M,M,2.0,1.0,M,1.0,1.0,M,T,M,M,M
US1NYDT0012,"LAGRANGEVILLE 3.4 NE","DUTCHESS","New York",648,41.68,-73.72,4.0,4.0,3.5,1.5,M,M,0.0,0.0,0.0,M,M,M,3.0,3.0,2.0,T,T,2.0,2.0,2.0,2.5,1.5,1.0,T,T,M,M,0.3
USW00014732,"LAGUARDIA AIRPORT","QUEENS","New York",11,40.78,-73.88,0.0,0.0,0.0,0.0,0.0,0.0,0.0,0.0,0.0,0.0,0.0,0.0,1.2,0.0,0.0,0.0,0.0,0.0,0.0,0.0,T,0.0,0.0,0.0,0.0,0.0,0.0,T
USC00304555,"LAKE PLACID 2 S","ESSEX","New York",1888,44.30,-73.98,23.0,23.0,24.0,22.0,19.0,18.0,18.0,16.0,17.0,16.0,16.0,16.0,19.0,23.0,21.0,20.0,20.0,22.0,23.0,22.0,21.0,22.0,21.0,20.0,23.0,22.0,21.0,23.0
USC00304565,"LAKESIDE","ORLEANS","New York",288,43.37,-78.28,3.0,3.0,2.0,T,T,T,M,0.0,1.0,T,T,T,1.0,1.0,1.0,1.0,1.0,2.0,1.0,1.0,1.0,1.0,T,T,T,T,T,4.0
USC00304575,"LANSING MANOR","SCHOHARIE","New York",1100,42.45,-74.47,4.0,M,M,0.0,0.0,0.0,0.0,0.0,0.0,0.0,M,M,5.0,4.0,M,0.0,M,M,0.0,M,M,0.0,0.0,M,T,0.0,0.0,4.0
USC00304684,"LE ROY 1E","GENESEE","New York",895,42.97,-77.97,10.0,10.0,9.0,5.0,0.0,0.0,0.0,0.0,0.0,0.0,0.0,2.0,2.0,6.0,3.0,4.0,4.0,7.0,6.0,6.0,3.0,2.0,2.0,2.0,2.0,3.0,2.0,8.0
USC00304731,"LIBERTY 1 NE","SULLIVAN","New York",1580,41.80,-74.74,12.0,12.0,10.0,8.0,6.0,6.0,4.0,4.0,4.0,4.0,4.0,7.0,6.0,5.0,4.0,4.0,6.0,5.0,5.0,6.0,5.0,5.0,4.0,4.0,3.0,3.0,3.0,3.0
USC00304808,"LITTLE VALLEY","CATTARAUGUS","New York",1625,42.25,-78.81,3.0,3.0,3.0,0.0,0.0,0.0,0.0,0.0,1.0,1.0,1.0,1.0,1.0,7.0,M,M,M,M,M,M,M,M,M,M,5.0,6.0,5.0,8.0
US1NYCB0008,"LIVINGSTON 0.7 SSW","COLUMBIA","New York",242,42.13,-73.79,M,M,M,M,M,M,M,M,M,M,M,M,4.8,3.0,M,M,M,1.0,0.7,M,0.3,M,M,M,T,M,M,0.5
US1NYNG0012,"LOCKPORT 0.8 NE","NIAGARA","New York",521,43.18,-78.68,11.0,10.0,7.5,2.0,T,T,M,M,T,M,T,T,1.0,2.5,1.0,T,T,2.5,M,M,M,M,M,M,M,M,M,M
US1NYNG0030,"LOCKPORT 2.5 ESE","NIAGARA","New York",642,43.15,-78.65,9.1,8.8,7.4,1.7,T,0.0,0.0,0.0,T,T,T,T,1.1,2.0,0.6,0.3,0.1,2.1,2.5,1.8,0.5,T,T,0.0,0.2,T,T,5.2
USC00304844,"LOCKPORT 4E","NIAGARA","New York",610,43.19,-78.61,8.0,7.0,3.0,T,0.0,0.0,0.0,T,T,T,T,1.0,2.0,2.0,1.0,1.0,T,4.0,3.0,1.0,T,T,T,T,T,T,5.0,5.0
US1NYDL0023,"LONG EDDY 6.5 NNE","DELAWARE","New York",1746,41.94,-75.08,M,M,M,M,M,M,M,4.5,M,M,M,M,M,M,M,M,M,M,M,M,M,M,M,M,M,M,M,M
US1NYHM0006,"LONG LAKE 0.1 SSE","HAMILTON","New York",1662,43.97,-74.42,M,M,M,M,M,M,M,M,M,M,M,M,M,6.5,M,M,1.0,M,2.0,M,M,M,M,M,M,2.0,M,M
USC00304912,"LOWVILLE","LEWIS","New York",863,43.79,-75.48,22.0,18.0,18.0,16.0,11.0,9.0,9.0,6.0,7.0,7.0,7.0,7.0,9.0,11.0,10.0,9.0,9.0,10.0,11.0,11.0,11.0,10.0,9.0,9.0,9.0,7.0,7.0,14.0
USC00304952,"MACEDON","WAYNE","New York",466,43.07,-77.30,M,M,M,M,M,M,M,M,M,M,M,M,M,M,M,M,M,M,M,2.0,M,M,M,M,M,M,M,M
US1NYWN0018,"MACEDON 2.6 ESE","WAYNE","New York",516,43.05,-77.26,6.2,6.2,6.0,2.7,0.1,T,T,0.0,0.0,0.0,T,T,3.8,4.7,2.9,2.6,2.3,4.2,4.3,3.6,3.0,2.1,1.9,1.3,1.0,1.7,0.8,7.2
USC00304996,"MALONE","FRANKLIN","New York",878,44.84,-74.31,14.0,12.0,14.0,11.0,8.0,7.0,7.0,4.0,4.0,4.0,4.0,4.0,10.0,10.0,10.0,6.0,6.0,6.0,7.0,7.0,8.0,7.0,7.0,7.0,5.0,5.0,5.0,5.0
US1NYJF0026,"MANNSVILLE 0.3 SE","JEFFERSON","New York",622,43.71,-76.06,32.0,31.0,27.0,M,11.5,M,8.5,7.0,M,M,M,M,7.5,M,M,M,M,M,M,M,M,M,M,M,5.0,M,M,M
US1NYCR0005,"MARATHON 1.0 NW","CORTLAND","New York",1030,42.45,-76.04,11.5,11.5,11.0,8.5,7.5,6.5,5.2,3.5,3.5,3.5,3.7,4.0,7.0,8.5,7.5,6.0,6.0,6.5,8.5,7.0,7.0,6.5,6.5,6.5,7.0,6.2,6.0,9.5
USC00305142,"MATTITUCK","SUFFOLK","New York",20,40.99,-72.51,0.0,0.0,0.0,0.0,0.0,0.0,0.0,0.0,0.0,0.0,0.0,2.0,0.0,0.0,0.0,0.0,T,0.0,0.0,1.0,0.0,0.0,0.0,0.0,0.0,0.0,0.0,T
USC00305233,"MECKLENBURG 4SW","SCHUYLER","New York",1509,42.44,-76.76,8.0,7.0,7.0,3.0,T,T,T,T,T,T,T,T,4.0,6.0,5.0,2.0,2.0,3.0,4.0,4.0,4.0,3.0,3.0,3.0,2.0,2.0,2.0,8.0
USC00305236,"MEDINA","ORLEANS","New York",538,43.22,-78.40,11.0,10.0,8.0,3.0,0.0,0.0,0.0,0.0,1.0,1.0,T,T,2.0,3.0,3.0,2.0,2.0,4.0,4.0,4.0,3.0,2.0,1.0,1.0,T,T,T,7.0
US1NYOL0005,"MEDINA 0.4 WNW","ORLEANS","New York",540,43.22,-78.40,2.5,2.1,0.3,0.0,0.0,0.0,0.0,0.0,0.7,0.5,0.3,1.3,1.9,1.4,0.5,T,0.0,1.8,1.9,1.6,0.0,0.0,0.0,0.0,T,0.3,0.2,4.8
US1NYYT0008,"MIDDLESEX 3.5 S","YATES","New York",940,42.65,-77.27,1.0,1.0,1.0,0.0,0.0,0.0,0.0,0.0,0.0,0.0,0.3,2.0,4.5,7.0,4.0,3.0,2.5,3.5,4.0,4.0,3.5,3.0,2.0,1.0,1.0,1.5,1.5,7.5
US1NYDT0032,"MILLBROOK 2.5 NE","DUTCHESS","New York",763,41.81,-73.66,4.6,4.0,3.7,1.6,0.0,0.0,0.0,0.0,0.0,0.0,0.0,0.0,M,3.3,2.5,1.0,T,2.0,2.0,M,M,0.5,0.5,T,M,T,T,M
US1NYDT0008,"MILLBROOK 3.2 SE","DUTCHESS","New York",1024,41.75,-73.65,M,M,M,M,T,M,M,M,M,M,M,0.0,3.6,M,M,M,M,3.5,4.0,M,4.5,M,M,M,M,M,0.0,M
US1NYOS0015,"MINETTO 0.1 SE","OSWEGO","New York",351,43.40,-76.48,11.0,11.0,11.0,7.0,4.5,4.0,4.0,2.0,3.5,13.5,11.0,8.0,9.0,13.0,13.0,M,M,8.5,10.0,10.0,8.5,7.5,6.9,6.4,5.6,7.2,7.2,13.0
USC00305426,"MOHONK LAKE","ULSTER","New York",1245,41.77,-74.15,7.0,6.0,4.0,3.0,T,0.0,0.0,0.0,0.0,0.0,0.0,4.0,4.0,4.0,3.0,3.0,3.0,6.0,4.0,4.0,4.0,4.0,4.0,4.0,4.0,3.0,3.0,4.0
US1NYCY0027,"MORAVIA 5.9 ENE","CAYUGA","New York",1746,42.73,-76.31,M,M,M,M,M,M,M,M,M,M,M,M,M,M,M,M,M,M,M,M,M,M,M,M,M,M,M,15.0
USC00305512,"MORRISVILLE 6 SW","MADISON","New York",1681,42.84,-75.73,M,M,M,12.0,5.0,5.0,3.0,T,T,2.0,T,T,6.0,7.0,6.0,5.0,5.0,6.0,7.0,7.0,7.0,7.0,7.0,6.0,5.0,7.0,7.0,12.0
USC00305597,"MOUNT MORRIS 2 W","LIVINGSTON","New York",880,42.73,-77.91,2.0,M,M,0.0,0.0,0.0,0.0,0.0,0.0,0.0,T,T,3.0,4.0,2.0,1.0,M,M,3.0,2.0,1.0,T,T,M,2.0,T,T,5.0
USC00305606,"MOUNT SINAI","SUFFOLK","New York",50,40.93,-73.02,0.0,0.0,0.0,0.0,0.0,0.0,0.0,0.0,0.0,0.0,0.0,2.0,0.0,0.0,0.0,0.0,0.0,0.0,0.0,1.0,0.0,0.0,0.0,0.0,0.0,0.0,0.0,0.0
US1NYMD0014,"MUNNSVILLE 2.0 SW","MADISON","New York",1009,42.95,-75.61,M,M,M,4.0,T,T,T,0.0,0.3,1.0,T,0.0,5.5,6.0,4.0,3.5,2.5,3.0,3.0,2.5,3.0,M,M,2.5,1.5,5.0,3.0,11.0
US1NYRN0024,"NASSAU 4.2 ESE","RENSSELAER","New York",501,42.49,-73.53,M,M,M,2.0,M,T,T,T,T,T,T,T,3.8,3.5,3.0,1.0,0.5,2.5,3.5,M,3.0,2.5,2.5,2.5,1.5,M,0.5,5.0
US1NYSF0077,"NESCONSET 1.4 SSW","SUFFOLK","New York",102,40.83,-73.16,M,M,M,M,M,M,M,M,M,M,M,M,2.0,M,M,M,M,0.2,M,M,1.0,M,M,M,M,M,M,M
US1NYGR0005,"NEW BALTIMORE 0.2 SE","GREENE","New York",40,42.44,-73.79,M,M,M,M,M,6.0,M,M,M,M,M,M,M,M,M,M,M,M,M,M,M,M,M,M,M,M,M,M
US1NYOT0029,"NEW BERLIN 1.5 NE","OTSEGO","New York",1196,42.64,-75.31,14.5,14.3,14.0,13.5,10.5,8.5,6.5,M,M,M,M,M,4.0,6.5,6.5,5.0,5.0,6.5,7.0,7.0,M,M,M,M,M,M,M,M
US1NYOD0019,"NEW HARTFORD 0.8 S","ONEIDA","New York",695,43.06,-75.29,M,M,M,M,M,0.0,M,M,M,M,0.5,M,M,M,M,M,M,M,M,M,M,M,M,M,M,M,M,M
USC00305679,"NEWARK","WAYNE","New York",430,43.05,-77.08,M,M,M,M,M,1.0,M,M,M,M,M,M,M,M,M,M,M,M,M,4.0,M,M,M,M,M,M,M,M
USC00305714,"NEWCOMB","ESSEX","New York",1647,43.97,-74.22,30.0,28.0,29.0,28.0,25.0,23.0,23.0,18.0,18.0,18.0,18.0,18.0,24.0,27.0,27.0,26.0,25.0,25.0,27.0,27.0,26.0,26.0,26.0,26.0,29.0,30.0,29.0,32.0
USC00305715,"NEWFANE","NIAGARA","New York",342,43.29,-78.71,1.0,T,0.0,0.0,0.0,0.0,0.0,0.0,0.0,0.0,0.0,2.0,3.0,3.0,1.0,T,0.0,0.0,1.0,1.0,T,0.0,0.0,0.0,0.0,0.0,0.0,8.0
US1NYTM0015,"NEWFIELD 2.5 S","TOMPKINS","New York",1598,42.32,-76.59,M,M,M,M,M,M,M,M,M,M,M,M,M,M,M,M,M,M,M,M,0.2,M,M,M,M,M,M,M
USC00305840,"NIAGARA FALLS","NIAGARA","New York",588,43.09,-78.97,1.0,1.0,1.0,0.0,0.0,0.0,T,0.0,T,0.0,T,T,1.0,2.0,1.0,T,T,M,3.0,2.0,T,0.0,0.0,0.0,T,T,T,6.0
US1NYNG0022,"NIAGARA FALLS 5.7 E","NIAGARA","New York",578,43.08,-78.90,6.0,6.0,4.0,M,T,M,T,M,M,M,M,M,M,1.5,0.5,M,T,1.5,2.0,2.0,T,M,M,M,M,M,M,5.0
US1NYSC0016,"NISKAYUNA 2.0 N","SCHENECTADY","New York",272,42.85,-73.90,9.5,9.0,9.0,8.0,6.0,5.0,4.0,3.5,3.0,3.0,2.0,M,7.5,8.0,6.0,4.5,4.5,5.0,6.0,5.5,5.0,4.0,4.0,3.0,2.5,2.5,2.5,8.0
USC00305925,"NORTH CREEK 5 SE","WARREN","New York",890,43.66,-73.90,19.0,18.0,17.0,17.0,15.0,13.0,13.0,11.0,11.0,10.0,10.0,10.0,17.0,16.0,16.0,16.0,16.0,16.0,18.0,17.0,17.0,16.0,16.0,16.0,16.0,16.0,16.0,16.0
USC00306047,"NORTH TONAWANDA","NIAGARA","New York",578,43.06,-78.86,12.0,11.0,9.0,4.0,1.0,1.0,0.0,0.0,0.0,T,T,T,1.0,2.0,1.0,1.0,1.0,2.0,3.0,2.0,1.0,0.0,0.0,0.0,1.0,1.0,T,6.0
US1NYNG0002,"NORTH TONAWANDA 1.0 NNE","NIAGARA","New York",578,43.06,-78.86,12.0,11.0,9.0,4.0,1.0,1.0,0.0,0.0,0.2,0.0,T,T,1.0,2.0,1.0,1.0,1.0,2.0,3.0,2.0,1.0,0.0,0.0,0.0,0.6,1.0,T,6.0
US1NYSF0016,"NORTHPORT 1.6 NNE","SUFFOLK","New York",84,40.92,-73.33,0.0,0.0,0.0,0.0,0.0,0.0,0.0,0.0,0.0,0.0,0.0,0.0,1.0,0.5,T,0.0,0.0,0.0,0.0,0.0,0.5,0.0,0.0,0.0,0.0,0.0,0.0,M
USC00306062,"NORTHVILLE","FULTON","New York",790,43.16,-74.20,19.0,M,M,14.0,12.0,11.0,11.0,9.0,M,M,8.0,8.0,M,17.0,16.0,M,M,M,15.0,M,14.0,14.0,M,M,14.0,14.0,14.0,19.0
USC00306085,"NORWICH","CHENANGO","New York",989,42.51,-75.52,10.0,10.0,8.0,4.0,2.0,0.0,0.0,0.0,T,T,0.0,0.0,3.0,4.0,4.0,3.0,3.0,3.0,3.0,3.0,4.0,3.0,2.0,2.0,3.0,3.0,3.0,6.0
US1NYCN0009,"NORWICH 5.4 W","CHENANGO","New York",1498,42.53,-75.63,14.0,12.0,12.0,11.0,7.5,6.0,5.5,2.5,0.5,0.5,T,T,4.5,6.5,4.5,3.5,3.0,4.0,4.5,4.0,4.5,4.0,4.0,M,M,M,M,M
US1NYCN0002,"NORWICH 5.7 NE","CHENANGO","New York",1799,42.58,-75.43,15.0,14.5,13.0,11.0,7.0,4.0,3.0,M,M,T,M,M,5.5,7.5,4.5,4.0,4.0,6.0,6.0,6.0,6.0,5.5,5.0,5.0,6.0,5.0,5.0,9.5
US1NYAB0021,"NWS ALBANY","ALBANY","New York",260,42.68,-73.82,5.5,5.0,4.5,4.0,1.0,T,0.0,0.0,0.0,0.0,0.0,0.0,4.5,4.5,4.0,2.5,2.0,3.0,3.5,3.0,3.0,3.0,3.0,2.5,1.0,1.0,1.0,4.0
USW00094728,"NY CITY CENTRAL PARK","NEW YORK","New York",140,40.78,-73.97,0.0,0.0,0.0,0.0,0.0,0.0,0.0,0.0,0.0,0.0,0.0,0.0,1.2,0.0,0.0,0.0,0.0,0.0,0.0,0.0,1.2,0.0,0.0,0.0,0.0,0.0,0.0,T
USC00306196,"OLEAN","CATTARAUGUS","New York",1420,42.07,-78.45,4.0,4.0,M,3.0,0.0,0.0,0.0,0.0,T,T,T,1.0,2.0,3.0,1.0,1.0,0.0,1.0,1.0,1.0,1.0,1.0,1.0,T,3.0,2.0,3.0,5.0
US1NYES0006,"OLMSTEDVILLE 4.6 NNE","ESSEX","New York",1507,43.83,-73.90,M,M,M,20.0,M,M,M,M,M,M,M,M,M,M,M,M,17.0,M,M,M,M,M,M,M,M,M,M,M
US1NYMD0022,"ONEIDA 0.4 NW","MADISON","New York",565,43.08,-75.67,7.0,6.5,6.0,3.0,T,0.0,0.0,0.0,T,T,T,0.0,4.5,6.0,5.0,2.5,2.5,3.0,3.5,3.0,2.5,2.5,2.0,1.5,1.5,7.0,6.0,11.0
USC00306276,"ORIENT POINT STATE PARK","SUFFOLK","New York",3,41.13,-72.26,0.0,0.0,0.0,0.0,0.0,0.0,0.0,0.0,0.0,0.0,0.0,0.0,1.0,0.0,0.0,0.0,0.0,0.0,0.0,0.0,0.0,0.0,0.0,0.0,0.0,0.0,0.0,T
USC00306300,"OSCEOLA","LEWIS","New York",1101,43.50,-75.72,20.0,20.0,20.0,16.0,12.0,10.0,10.0,6.0,12.0,9.0,9.0,9.0,13.0,19.0,19.0,17.0,16.0,16.0,16.0,16.0,16.0,15.0,14.0,14.0,18.0,19.0,18.0,24.0
USC00306314,"OSWEGO","OSWEGO","New York",324,43.45,-76.54,M,M,7.0,4.0,T,T,0.0,0.0,1.0,7.0,6.0,9.0,M,M,M,M,M,M,M,M,M,M,M,4.0,M,M,M,M
US1NYOS0003,"OSWEGO 5.0 ESE","OSWEGO","New York",456,43.44,-76.41,12.8,12.0,9.6,7.5,4.8,3.0,1.2,0.5,2.0,6.5,8.5,7.0,8.2,14.7,11.5,9.0,8.2,9.0,8.0,7.5,7.2,6.8,6.5,6.2,8.0,7.5,6.7,13.5
USC00306376,"PALERMO 2SSE","OSWEGO","New York",445,43.33,-76.27,13.0,13.0,12.0,8.0,4.0,4.0,3.0,T,8.0,11.0,9.0,8.0,8.0,15.0,12.0,10.0,9.0,12.0,10.0,10.0,9.0,9.0,8.0,8.0,8.0,11.0,16.0,12.0
US1NYWN0006,"PALMYRA 1.6 NW","WAYNE","New York",498,43.08,-77.25,M,M,M,3.5,M,0.0,M,M,M,M,M,M,M,M,M,M,M,M,M,3.0,M,M,M,M,M,M,M,8.0
USC00306465,"PAVILION 2","GENESEE","New York",1160,42.87,-77.99,19.0,16.0,4.0,2.0,1.0,0.0,0.0,0.0,T,0.0,T,T,1.0,4.0,1.0,2.0,1.0,1.0,1.0,1.0,1.0,1.0,1.0,0.0,0.0,0.0,0.0,0.0
US1NYWC0011,"PEEKSKILL 0.4 N","WESTCHESTER","New York",179,41.29,-73.92,M,M,M,M,M,M,M,M,M,M,M,M,2.5,T,T,T,T,T,M,T,2.0,T,T,T,T,T,T,T
USC00306480,"PENDLETON 1NE","NIAGARA","New York",589,43.10,-78.71,4.0,4.0,1.0,0.0,0.0,0.0,0.0,0.0,0.0,0.0,0.0,0.0,1.0,2.0,0.0,0.0,0.0,2.0,2.0,1.0,0.0,0.0,0.0,0.0,0.0,0.0,0.0,4.0
USC00306525,"PERRYSBURG","CATTARAUGUS","New York",1210,42.46,-79.00,24.0,24.0,20.0,14.0,2.0,T,0.0,0.0,4.0,3.0,2.0,2.0,2.0,5.0,2.0,1.0,T,3.0,4.0,3.0,1.0,T,T,0.0,4.0,3.0,7.0,12.0
US1NYCL0007,"PERU 4.1 ESE","CLINTON","New York",181,44.56,-73.45,9.0,9.0,11.0,10.0,8.0,6.5,5.5,4.5,4.0,4.0,4.0,3.0,10.5,10.0,10.0,9.0,9.0,8.0,10.0,8.0,8.5,8.0,7.0,7.0,7.0,7.5,7.5,9.0
USC00306570,"PHONECIA 2SW","ULSTER","New York",1060,42.07,-74.34,19.0,19.0,18.0,16.0,12.0,10.0,9.0,8.0,6.0,5.0,5.0,5.0,9.0,7.0,6.0,5.0,5.0,6.0,6.0,6.0,7.0,6.0,5.0,4.0,4.0,4.0,4.0,5.0
US1NYOR0017,"PINE BUSH 3.4 WSW","ORANGE","New York",416,41.59,-74.36,M,M,M,M,M,M,M,M,M,M,M,M,3.5,M,M,M,M,1.5,M,M,0.5,M,M,M,M,M,M,M
US1NYMR0021,"PITTSFORD 4.0 SSE","MONROE","New York",557,43.03,-77.49,4.0,4.0,3.5,2.5,0.0,0.0,0.0,0.0,T,0.0,0.0,0.5,4.0,3.5,2.5,2.0,1.5,3.5,5.0,3.0,2.5,2.0,1.5,1.0,0.5,0.5,0.5,8.0
US1NYNS0030,"PLAINEDGE 0.4 WSW","NASSAU","New York",75,40.72,-73.48,M,M,M,M,M,M,M,M,M,M,M,M,2.0,M,M,M,M,M,M,M,2.0,M,M,M,M,M,M,T
USC00306649,"PLATTE CLOVE","GREENE","New York",2032,42.14,-74.09,11.5,10.0,8.0,6.0,2.0,T,T,T,T,T,T,T,5.0,5.0,4.0,3.0,2.0,5.0,3.5,3.5,3.5,3.5,3.5,3.0,3.0,2.0,2.0,4.0
USC00306660,"PLATTSBURGH 1 S","CLINTON","New York",178,44.69,-73.46,5.0,5.0,7.0,M,5.0,5.0,M,3.0,3.0,3.0,3.0,3.0,10.0,10.0,8.0,8.0,6.0,4.0,M,5.0,5.0,5.0,4.0,3.0,3.0,3.0,3.0,4.0
USW00064776,"PLATTSBURGH INTERNATIONAL AIRPORT","CLINTON","New York",234,44.65,-73.47,0.0,0.0,0.0,0.0,0.0,0.0,0.0,0.0,0.0,0.0,0.0,M,M,M,0.0,0.0,0.0,0.0,0.0,0.0,0.0,0.0,0.0,0.0,0.0,0.0,0.0,0.0
US1NYOD0002,"POINT ROCK 0.6 SE","ONEIDA","New York",1100,43.37,-75.54,22.5,21.5,21.0,18.0,14.0,13.0,13.0,10.0,16.5,15.5,15.5,13.5,19.0,31.5,27.5,25.0,24.5,23.5,24.0,23.5,23.0,22.0,21.5,21.0,22.0,23.5,22.5,30.0
US1NYSF0100,"PORT JEFFERSON STATION 0.3 SSW","SUFFOLK","New York",176,40.92,-73.07,M,M,M,M,0.0,0.0,M,M,M,M,M,T,0.5,M,M,M,M,M,0.0,0.0,1.0,M,M,M,M,M,M,T
USC00306774,"PORT JERVIS","ORANGE","New York",580,41.39,-74.69,7.0,6.0,6.0,4.0,2.0,1.0,0.0,0.0,0.0,0.0,0.0,0.0,5.0,4.0,3.0,1.0,0.0,1.0,1.0,1.0,3.0,2.0,0.0,0.0,0.0,0.0,0.0,0.0
USC00306745,"PORTAGEVILLE","WYOMING","New York",1168,42.57,-78.04,2.0,2.0,2.0,2.0,1.0,T,T,T,T,T,T,2.0,2.0,5.0,4.0,3.0,3.0,3.0,3.0,2.0,2.0,2.0,2.0,1.0,2.0,2.0,7.0,6.0
USC00306747,"PORTLAND1 SW","CHAUTAUQUA","New York",808,42.37,-79.49,6.0,4.0,T,T,T,T,T,1.0,1.0,T,T,T,1.0,T,1.0,1.0,T,2.0,1.0,1.0,T,0.0,0.0,T,T,1.0,3.0,3.0
USC00306820,"POUGHKEEPSIE","DUTCHESS","New York",251,41.73,-73.92,5.0,4.0,4.0,3.0,1.0,0.0,0.0,0.0,0.0,0.0,0.0,0.0,3.0,3.0,2.0,1.0,0.0,2.0,2.0,2.0,2.0,1.0,0.0,0.0,0.0,0.0,0.0,0.0
US1NYDT0010,"POUGHKEEPSIE 3.9 SSE","DUTCHESS","New York",238,41.65,-73.90,M,M,M,M,M,M,M,M,M,M,M,M,M,M,M,M,M,1.5,M,M,M,M,M,M,M,M,M,M
US1NYDT0029,"POUGHKEEPSIE 5.3 S","DUTCHESS","New York",169,41.62,-73.91,M,M,M,M,M,M,M,M,M,M,M,M,M,M,M,M,M,1.5,M,M,0.5,M,M,M,M,M,M,0.2
USW00014757,"POUGHKEEPSIE AIRPORT","DUTCHESS","New York",166,41.63,-73.88,M,M,M,M,M,M,M,M,M,M,M,M,M,M,M,M,M,M,M,M,M,M,M,M,M,M,M,0.0
USC00306867,"PULASKI","OSWEGO","New York",399,43.57,-76.12,19.0,19.0,M,14.0,9.0,6.0,4.0,3.0,1.0,T,1.0,1.0,6.0,14.0,9.0,M,M,M,M,5.0,5.0,4.0,3.0,2.0,1.0,1.0,1.0,7.0
US1NYOS0021,"PULASKI 0.5 NE","OSWEGO","New York",287,43.57,-76.12,M,M,22.2,14.5,M,9.5,M,3.5,1.0,T,1.5,0.5,6.5,13.5,M,M,M,M,M,M,M,M,4.5,2.5,M,M,0.5,7.5
US1NYQN0027,"QUEENS 3.4 NNW","QUEENS","New York",59,40.78,-73.81,M,M,M,M,M,M,M,M,M,M,M,M,1.3,M,M,M,M,M,M,M,M,M,M,M,M,M,M,M
US1NYWR0013,"QUEENSBURY 2.5 E","WARREN","New York",303,43.36,-73.63,M,M,M,M,M,M,M,M,M,M,M,M,M,M,M,M,10.5,M,M,M,M,M,M,M,M,M,M,M
US1NYCT0002,"RANDOLPH 1.1 ENE","CATTARAUGUS","New York",1335,42.17,-78.96,M,M,M,M,M,M,M,M,1.0,M,M,M,M,5.0,M,1.0,M,3.0,M,M,M,M,M,M,5.0,M,7.0,8.0
US1NYNG0032,"RAPIDS 1.0 SW","NIAGARA","New York",587,43.09,-78.66,M,M,M,M,M,M,M,M,M,M,M,M,M,2.0,M,M,M,M,M,M,M,M,M,M,M,M,M,M
US1NYAB0046,"RAVENA 1.4 NNW","ALBANY","New York",166,42.50,-73.82,M,M,7.9,M,M,M,M,M,M,M,T,M,M,M,M,M,M,M,M,M,0.5,M,M,M,M,M,M,M
US1NYDT0024,"RED HOOK 1.2 NNE","DUTCHESS","New York",216,42.01,-73.86,6.5,M,M,2.5,1.5,T,T,T,T,M,T,T,4.0,M,M,2.0,M,4.0,3.5,M,M,M,3.0,M,1.5,M,M,2.5
USC00306988,"REDFIELD 8N","OSWEGO","New York",1308,43.64,-75.88,32.0,31.0,29.0,25.0,11.0,9.0,5.0,3.0,4.0,4.0,5.0,5.0,7.0,13.0,13.0,14.0,14.0,15.0,15.0,15.0,15.0,11.0,11.0,11.0,15.0,15.0,15.0,20.0
US1NYSF0103,"RIDGE 1.8 SE","SUFFOLK","New York",69,40.90,-72.85,0.0,0.0,0.0,0.0,0.0,0.0,0.0,0.0,0.0,0.0,0.0,1.0,T,T,0.0,0.0,T,0.0,0.0,1.0,0.0,0.0,0.0,0.0,0.0,0.0,0.0,0.0
US1NYSF0002,"RIVERHEAD 1.3 SSE","SUFFOLK","New York",43,40.93,-72.67,M,M,M,0.0,0.0,0.0,0.0,0.0,0.0,M,M,M,1.0,M,M,M,M,T,0.0,M,T,M,0.0,0.0,0.0,0.0,0.0,T
USC00307134,"RIVERHEAD RESEARCH FARM","SUFFOLK","New York",100,40.96,-72.72,0.0,0.0,0.0,0.0,0.0,0.0,0.0,0.0,0.0,0.0,0.0,2.0,0.0,0.0,0.0,0.0,0.0,0.0,0.0,0.0,0.0,0.0,0.0,0.0,0.0,0.0,0.0,0.0
US1NYMR0036,"ROCHESTER 3.4 NNW","MONROE","New York",402,43.21,-77.64,M,M,M,2.0,0.0,M,M,M,M,M,M,M,M,M,M,M,M,M,M,M,M,M,M,M,M,M,M,M
US1NYMR0023,"ROCHESTER 5.0 WNW","MONROE","New York",430,43.20,-77.70,M,M,M,M,M,M,0.0,M,M,M,M,M,M,M,M,M,M,M,6.0,M,M,M,M,T,T,T,M,M
US1NYMR0016,"ROCHESTER 6.6 E","MONROE","New York",453,43.15,-77.49,M,M,M,M,M,M,M,M,M,M,M,M,M,M,M,M,M,3.0,M,M,M,M,M,M,M,M,M,M
USW00014768,"ROCHESTER GREATER INT'L","MONROE","New York",539,43.12,-77.68,3.9,3.1,2.0,1.2,0.0,0.0,T,0.0,T,T,T,0.0,3.1,3.9,3.1,1.2,1.2,3.1,3.9,3.1,2.0,T,0.0,0.0,1.2,1.2,T,5.9
US1NYOD0052,"ROME 3.7 SW","ONEIDA","New York",471,43.20,-75.55,M,M,M,M,M,M,M,M,M,M,M,M,M,M,M,M,M,2.0,M,M,M,M,M,M,M,6.5,M,M
US1NYUL0016,"ROSENDALE VILLAGE 1.8 WNW","ULSTER","New York",298,41.86,-74.11,M,M,M,M,M,M,M,M,M,M,M,M,M,M,M,M,M,M,M,6.0,M,M,M,M,M,M,M,M
US1NYUL0003,"ROSENDALE VILLAGE 2.4 NNE","ULSTER","New York",178,41.88,-74.06,9.0,M,M,M,M,M,M,M,M,M,M,M,M,M,M,M,M,M,M,M,M,M,M,M,M,M,M,M
US1NYSC0020,"ROTTERDAM 0.9 NW","SCHENECTADY","New York",335,42.79,-73.97,M,M,6.5,5.0,2.5,T,T,0.0,0.0,0.0,T,0.0,4.3,5.0,M,2.5,2.0,4.0,4.0,M,4.0,M,3.0,2.5,2.0,1.5,M,5.0
USC00307329,"RUSHFORD","ALLEGANY","New York",1522,42.39,-78.25,4.0,4.0,3.0,1.0,T,0.0,0.0,0.0,1.0,1.0,1.0,2.0,3.0,5.0,3.0,2.0,2.0,3.0,4.0,4.0,4.0,2.0,2.0,1.0,5.0,3.0,4.0,9.0
US1NYHR0018,"SALISBURY CENTER 1.8 NW","HERKIMER","New York",1389,43.16,-74.81,27.5,27.5,27.0,23.5,21.5,19.5,19.0,18.0,22.0,21.0,21.5,20.5,23.0,31.0,30.5,27.5,27.0,26.0,26.5,26.0,25.5,25.0,24.5,25.0,27.0,33.0,31.5,35.5
USC00307425,"SANBORN 4NE","NIAGARA","New York",633,43.17,-78.82,5.0,4.0,3.0,T,0.0,0.0,0.0,0.0,T,T,T,T,2.0,2.0,1.0,T,0.0,3.0,4.0,2.0,T,T,T,0.0,T,T,T,6.0
US1NYCL0012,"SARANAC 0.8 SSE","CLINTON","New York",830,44.64,-73.74,M,M,M,M,M,M,M,M,M,M,M,M,28.0,M,M,M,M,M,M,M,M,M,M,M,M,M,M,M
US1NYFK0007,"SARANAC LAKE 6.2 N","FRANKLIN","New York",1710,44.41,-74.15,16.0,16.0,18.0,15.0,13.0,11.0,11.5,10.0,10.0,10.0,10.0,10.0,13.0,16.0,16.0,14.0,14.0,15.0,16.0,15.0,14.0,14.0,14.0,14.0,16.0,17.0,16.0,16.0
USW00094740,"SARANAC LAKE ADIRONDACK REGIONAL","FRANKLIN","New York",1663,44.39,-74.21,0.0,0.0,0.0,0.0,0.0,0.0,0.0,0.0,0.0,0.0,0.0,M,M,M,0.0,0.0,0.0,0.0,0.0,0.0,0.0,0.0,0.0,0.0,0.0,0.0,0.0,0.0
US1NYSR0004,"SARATOGA SPRINGS 0.5 S","SARATOGA","New York",310,43.06,-73.78,10.0,9.0,8.0,6.5,5.5,5.0,4.5,3.5,4.5,3.5,3.0,3.0,8.0,8.0,7.0,6.0,5.5,6.0,7.0,7.0,7.0,7.0,6.5,6.5,6.5,6.5,6.0,11.0
USC00307484,"SARATOGA SPRINGS 4 SW","SARATOGA","New York",326,43.04,-73.82,12.0,12.0,11.0,10.0,8.0,6.0,4.0,2.0,2.0,1.0,1.0,5.0,8.0,8.0,7.0,6.0,5.0,8.0,8.0,8.0,8.0,8.0,7.0,7.0,7.0,7.0,7.0,9.0
US1NYSC0011,"SCHENECTADY 3.3 E","SCHENECTADY","New York",330,42.79,-73.86,10.0,10.0,10.0,7.0,5.5,4.0,4.0,2.0,1.0,0.5,0.5,0.5,5.0,6.0,4.5,3.0,3.0,5.5,6.0,5.5,5.5,4.5,4.5,4.0,4.5,3.0,3.0,8.0
USC00307520,"SCHOHARIE","SCHOHARIE","New York",734,42.67,-74.30,7.0,6.0,5.0,3.0,3.0,0.0,0.0,0.0,0.0,0.0,0.0,0.0,4.0,3.0,3.0,2.0,0.0,2.0,3.0,2.0,2.0,2.0,2.0,2.0,2.0,1.0,0.0,4.0
US1NYMR0065,"SCOTTSVILLE 0.4 NW","MONROE","New York",592,43.03,-77.76,M,M,M,M,M,M,M,0.0,M,M,M,M,M,M,M,M,M,M,M,M,M,M,M,M,M,M,M,M
USC00307705,"SHERBURNE","CHENANGO","New York",1095,42.68,-75.51,7.0,6.0,6.0,3.0,1.0,T,T,T,1.0,T,0.0,0.0,5.0,7.0,5.0,4.0,3.0,4.0,4.0,4.0,4.0,4.0,4.0,4.0,3.0,3.0,3.0,7.0
USC00307742,"SHRUB OAK","WESTCHESTER","New York",462,41.33,-73.84,0.0,0.0,0.0,0.0,0.0,0.0,0.0,0.0,0.0,0.0,0.0,0.0,2.0,2.0,1.0,1.0,1.0,0.0,0.0,0.0,1.0,0.0,0.0,0.0,0.0,0.0,0.0,0.0
USC00307750,"SILVER CREEK","CHAUTAUQUA","New York",600,42.54,-79.17,14.0,13.0,10.0,2.0,0.0,0.0,0.0,0.0,T,T,T,T,T,1.0,0.0,T,0.0,1.0,2.0,1.0,0.0,0.0,0.0,0.0,T,T,1.0,5.0
USC00307749,"SILVER SPRINGS 3N","WYOMING","New York",1667,42.71,-78.09,7.0,6.0,6.0,2.0,0.0,0.0,0.0,0.0,2.0,1.0,1.0,2.0,3.0,7.0,5.0,4.0,4.0,5.0,5.0,5.0,4.0,4.0,4.0,3.0,4.0,5.0,5.0,10.0
USC00307780,"SKANEATELES","ONONDAGA","New York",875,42.95,-76.43,10.0,4.0,4.0,1.0,M,M,M,M,M,M,M,0.0,6.0,6.0,4.0,3.0,3.0,4.0,5.0,M,M,M,M,M,M,M,M,M
US1NYOG0061,"SKANEATELES 0.8 NNW","ONONDAGA","New York",937,42.96,-76.43,M,M,M,5.0,M,M,M,M,M,M,M,M,M,M,M,M,M,M,M,M,M,M,M,M,M,M,3.5,M
US1NYSY0001,"SMITH VALLEY 1.9 SE","SCHUYLER","New York",1398,42.39,-76.72,4.5,4.0,3.0,1.5,0.5,T,T,T,T,T,T,0.5,3.0,3.0,M,M,M,M,2.0,1.5,1.0,0.5,T,T,2.0,2.0,2.5,6.5
USC00307842,"SODUS 1W","WAYNE","New York",444,43.24,-77.08,10.0,10.0,8.0,4.0,1.0,T,T,T,T,T,M,T,4.0,5.0,3.0,2.0,2.0,4.0,6.0,7.0,4.0,2.0,2.0,1.0,T,1.0,1.0,9.0
US1NYST0003,"SOUTH CORNING 4.7 S","STEUBEN","New York",1730,42.06,-77.05,3.0,3.0,3.0,1.5,0.0,0.0,0.0,0.0,0.0,0.0,T,1.5,2.5,2.5,2.0,1.0,1.0,1.0,1.0,1.0,1.5,1.0,1.0,0.5,T,T,0.5,3.0
US1NYWC0022,"SOUTH SALEM 0.8 N","WESTCHESTER","New York",517,41.28,-73.55,T,T,0.0,0.0,0.0,0.0,0.0,0.0,0.0,0.0,0.0,0.0,3.0,2.0,1.5,1.0,0.5,0.5,T,T,1.0,T,T,T,0.0,0.0,0.0,T
US1NYWC0006,"SOUTH SALEM 2.1 NW","WESTCHESTER","New York",497,41.30,-73.57,M,M,M,M,M,M,M,M,M,M,0.0,M,M,M,M,M,M,M,M,M,M,M,M,M,M,M,M,M
USC00308132,"SPRINGVILLE 5NE","ERIE","New York",1691,42.55,-78.58,12.0,12.0,7.0,2.0,0.0,0.0,0.0,3.0,1.0,1.0,1.0,2.0,9.0,6.0,5.0,5.0,5.0,6.0,4.0,3.0,4.0,4.0,4.0,2.0,5.0,4.0,8.0,8.0
US1NYGN0006,"STAFFORD 1.8 NE","GENESEE","New York",899,43.00,-78.05,8.0,8.0,7.0,3.0,T,T,T,T,T,T,T,T,2.0,4.0,2.0,2.0,2.0,5.0,6.0,5.0,3.0,2.0,2.0,1.0,1.0,2.0,2.0,9.0
US1NYRC0002,"STATEN ISLAND 1.4 SE","RICHMOND","New York",72,40.57,-74.13,M,M,M,M,M,M,M,M,M,M,M,M,0.5,M,M,M,M,0.0,M,M,0.7,M,M,M,M,M,M,T
USC00308248,"STILLWATER RESERVOIR","HERKIMER","New York",1690,43.89,-75.04,25.0,M,M,17.0,13.0,12.0,12.0,8.0,M,M,9.0,9.0,12.0,16.0,14.0,M,M,M,18.0,18.0,17.0,17.0,M,M,17.0,17.0,17.0,21.0
US1NYOD0061,"SYLVAN BEACH 1.6 NW","ONEIDA","New York",382,43.22,-75.75,M,0.0,M,M,M,M,M,0.0,5.8,4.8,4.8,M,M,M,M,M,M,4.5,M,M,M,M,M,M,M,M,M,M
USC00308577,"SYOSSET","NASSAU","New York",265,40.82,-73.49,0.0,0.0,0.0,0.0,0.0,0.0,0.0,0.0,0.0,0.0,0.0,0.0,1.0,0.0,0.0,0.0,0.0,0.0,0.0,0.0,M,0.0,0.0,0.0,0.0,0.0,0.0,M
US1NYOG0052,"SYRACUSE 2.7 S","ONONDAGA","New York",430,43.00,-76.14,M,M,M,M,M,M,M,M,M,M,M,M,M,M,M,M,M,M,M,M,M,M,M,M,M,2.4,M,M
USW00014771,"SYRACUSE HANCOCK INTL AP","ONONDAGA","New York",413,43.11,-76.10,11.0,9.1,7.9,3.9,T,0.0,0.0,0.0,1.2,2.0,1.2,T,5.9,7.1,5.9,3.9,3.9,5.1,5.1,5.1,3.9,3.1,3.1,2.0,1.2,5.1,3.1,9.8
USC00308455,"THERESA 4NW","JEFFERSON","New York",361,44.28,-75.84,13.0,12.0,10.0,9.0,7.0,6.0,6.0,5.0,5.0,5.0,5.0,5.0,11.0,14.0,13.0,10.0,10.0,10.0,8.0,8.0,7.0,6.0,5.0,5.0,5.0,5.0,4.0,6.0
US1NYER0086,"TONAWANDA 1.5 NNE","ERIE","New York",579,43.01,-78.87,M,M,M,M,M,M,M,M,M,M,0.0,M,M,M,M,M,M,M,2.0,M,M,M,M,M,M,M,M,M
US1NYER0072,"TONAWANDA 3.1 NE","ERIE","New York",570,43.01,-78.83,M,M,M,M,M,M,M,T,M,M,M,M,M,M,M,M,M,M,M,M,M,M,M,M,M,M,M,M
USC00308578,"TRENTON FALLS","ONEIDA","New York",800,43.28,-75.16,M,M,M,M,M,M,M,M,M,M,M,M,M,M,M,M,M,M,M,M,M,M,M,M,M,M,M,27.0
US1NYRN0020,"TROY 2.1 NNE","RENSSELAER","New York",446,42.76,-73.65,6.0,6.0,5.0,4.0,2.0,T,T,T,T,T,T,T,5.0,5.0,4.0,3.0,3.0,4.0,5.0,5.0,4.5,4.0,3.0,3.0,2.0,2.0,2.0,7.0
US1NYRN0013,"TROY 6.9 NE","RENSSELAER","New York",688,42.79,-73.56,M,M,M,0.8,M,M,M,M,M,M,M,M,M,M,M,M,M,3.9,M,M,M,M,M,M,M,M,M,M
USC00308600,"TROY LOCK AND DAM","RENSSELAER","New York",15,42.75,-73.69,3.0,3.0,3.0,2.0,T,T,0.0,0.0,0.0,0.0,0.0,0.0,4.0,4.0,M,M,M,1.0,2.0,M,M,2.0,2.0,1.0,T,M,T,5.0
US1NYTM0038,"TRUMANSBURG 0.4 WNW","TOMPKINS","New York",991,42.54,-76.67,M,M,M,M,M,M,M,M,M,M,M,M,4.0,M,M,M,M,1.5,M,M,M,M,M,M,M,M,M,M
USC00308631,"TUPPER LAKE SUNMOUNT","FRANKLIN","New York",1680,44.23,-74.44,24.0,23.0,25.0,22.0,14.0,15.0,12.0,12.0,13.0,12.0,12.0,11.0,15.0,17.0,16.0,15.0,15.0,17.0,17.0,17.0,17.0,17.0,16.0,15.0,18.0,15.0,14.0,18.0
USC00308721,"UPTON COOP - NWSFO NEW YORK","SUFFOLK","New York",80,40.87,-72.86,0.0,0.0,0.0,0.0,0.0,0.0,0.0,0.0,0.0,0.0,0.0,0.0,1.0,0.0,0.0,0.0,0.0,T,0.0,0.0,1.0,0.0,0.0,0.0,0.0,0.0,0.0,0.0
US1NYCM0010,"VAN ETTEN 0.3 ENE","CHEMUNG","New York",600,42.20,-76.55,M,M,M,M,M,M,M,M,M,M,0.3,M,M,M,M,M,M,M,M,M,M,M,M,M,0.4,M,M,M
US1NYWY0007,"VARYSBURG 3.1 E","WYOMING","New York",1698,42.76,-78.25,M,M,M,2.0,M,M,M,M,M,1.0,M,M,M,10.0,M,M,M,M,M,6.0,M,M,M,M,M,M,M,M
US1NYBM0007,"VESTAL 2.8 SSE","BROOME","New York",994,42.05,-76.03,5.0,5.0,4.0,2.5,T,T,0.0,0.0,0.0,0.0,T,M,2.5,2.0,1.0,T,T,0.5,0.0,T,0.5,T,T,T,T,T,0.0,1.0
US1NYBM0034,"VESTAL 3.2 E","BROOME","New York",1390,42.08,-75.99,M,4.0,2.5,2.0,0.5,M,M,M,M,M,M,M,2.6,2.0,1.0,M,M,0.5,1.0,0.5,1.5,1.0,0.5,T,T,M,M,2.0
US1NYOG0006,"VILLAGE GREEN 2.6 ESE","ONONDAGA","New York",425,43.12,-76.27,9.0,9.0,M,M,M,M,M,M,M,M,M,M,M,M,M,M,M,M,M,M,M,M,M,M,M,M,M,M
US1NYOR0018,"WALDEN 1.3 S","ORANGE","New York",413,41.54,-74.19,M,M,M,M,M,M,M,M,M,M,M,M,M,3.0,M,M,M,M,M,M,M,M,M,M,M,M,M,M
USC00308910,"WALES","ERIE","New York",1135,42.74,-78.59,12.0,12.0,10.0,5.0,0.0,0.0,0.0,0.0,0.0,0.0,0.0,0.0,1.0,4.0,3.0,2.0,1.0,3.0,2.0,2.0,1.0,1.0,1.0,0.0,1.0,1.0,1.0,7.0
USC00308932,"WALTON 2","DELAWARE","New York",1480,42.18,-75.15,11.0,9.0,9.0,6.0,3.0,T,T,0.0,T,0.0,M,M,5.0,5.0,4.0,2.0,1.0,1.0,2.0,1.0,4.0,2.0,1.0,1.0,1.0,1.0,1.0,4.0
US1NYDL0024,"WALTON 6.5 W","DELAWARE","New York",1249,42.17,-75.26,M,M,M,M,M,M,M,3.0,M,M,M,M,M,M,M,M,M,M,M,M,M,M,M,M,M,M,M,M
US1NYWN0010,"WALWORTH 1.7 SW","WAYNE","New York",520,43.12,-77.30,M,M,M,M,M,0.0,0.0,0.0,0.0,0.0,0.0,0.0,3.5,3.5,M,2.5,M,3.0,4.0,3.5,M,M,M,M,1.0,3.0,M,9.5
US1NYNS0034,"WANTAGH 0.3 ESE","NASSAU","New York",14,40.67,-73.51,T,M,M,M,M,M,M,M,M,M,M,M,M,M,M,M,M,M,M,M,0.5,M,M,M,M,M,M,M
US1NYDT0005,"WAPPINGERS FALLS 1.6 ESE","DUTCHESS","New York",231,41.59,-73.89,M,4.3,M,M,0.0,M,M,M,M,M,M,M,3.0,M,M,M,M,1.0,M,M,0.5,M,M,M,M,0.0,M,0.1
US1NYWR0010,"WARRENSBURG 2.1 WNW","WARREN","New York",664,43.52,-73.81,M,M,M,16.5,M,M,M,M,M,M,10.0,M,M,M,M,M,M,M,15.0,M,M,M,M,M,M,13.5,M,M
USC00308962,"WARSAW 6 SW","WYOMING","New York",1819,42.69,-78.22,11.0,10.0,9.0,4.0,T,T,T,0.0,2.0,2.0,1.0,1.0,4.0,11.0,8.0,7.0,7.0,8.0,8.0,6.0,6.0,6.0,5.0,4.0,6.0,8.0,8.0,13.0
USC00309000,"WATERTOWN","JEFFERSON","New York",497,43.98,-75.88,22.0,18.0,16.0,7.0,2.0,2.0,1.0,1.0,1.0,1.0,1.0,1.0,4.0,5.0,3.0,3.0,3.0,5.0,5.0,5.0,3.0,2.0,2.0,2.0,3.0,3.0,3.0,7.0
US1NYJF0032,"WATERTOWN 1.0 ESE","JEFFERSON","New York",522,43.97,-75.89,26.0,26.0,M,M,M,M,M,M,M,M,M,M,M,M,M,M,M,M,M,M,M,M,M,M,M,M,M,M
US1NYSY0006,"WATKINS GLEN 4.6 NW","SCHUYLER","New York",1425,42.42,-76.94,3.0,3.0,2.0,0.0,0.0,0.0,0.0,0.0,0.0,0.0,0.0,0.0,3.0,3.0,3.0,1.5,0.0,1.0,1.5,1.0,M,M,M,M,M,M,M,M
USC00309047,"WAVERLY","TIOGA","New York",800,42.00,-76.52,3.0,M,M,1.0,0.0,0.0,M,M,0.0,0.0,1.0,1.0,3.0,2.0,1.0,M,M,M,M,0.0,1.0,0.0,0.0,0.0,M,M,1.0,2.0
USC00309049,"WEBSTER 2 NE","MONROE","New York",275,43.24,-77.39,7.0,7.0,5.0,2.0,T,T,T,T,T,T,T,4.0,5.0,4.0,2.0,2.0,2.0,7.0,7.0,5.0,2.0,2.0,2.0,T,T,1.0,6.0,7.0
US1NYMR0026,"WEBSTER 3.2 W","MONROE","New York",410,43.21,-77.49,M,M,M,M,M,M,M,M,T,0.0,0.0,1.5,M,M,M,M,3.0,4.5,3.5,M,M,M,M,T,M,M,5.5,4.5
USC00309072,"WELLSVILLE","ALLEGANY","New York",1509,42.12,-77.95,2.0,2.0,2.0,1.0,T,0.0,0.0,0.0,0.0,0.0,1.0,1.0,3.0,3.0,0.0,0.0,0.0,0.0,1.0,1.0,1.0,T,T,T,2.0,T,T,5.0
US1NYAL0002,"WEST ALMOND 3.6 SW","ALLEGANY","New York",1823,42.27,-77.94,M,M,M,M,M,M,M,M,M,M,M,M,M,M,M,M,M,M,M,M,M,M,M,M,M,M,2.0,M
USC00309089,"WEST BLOOMFIELD 1 S","ONTARIO","New York",990,42.88,-77.53,M,M,T,T,0.0,0.0,0.0,0.0,0.0,0.0,0.0,0.0,0.0,4.0,2.0,1.0,1.0,2.0,3.0,T,T,T,T,T,T,1.0,1.0,8.0
US1NYJF0030,"WEST CARTHAGE 0.3 ENE","JEFFERSON","New York",790,43.97,-75.62,32.7,32.7,14.0,8.2,6.1,5.9,5.6,2.3,2.0,2.0,2.0,2.0,3.7,7.7,4.7,4.0,3.6,8.8,8.8,8.8,6.5,5.9,5.5,4.7,2.3,2.3,2.3,6.9
US1NYSF0065,"WEST ISLIP 0.6 SW","SUFFOLK","New York",17,40.70,-73.31,M,M,M,M,M,M,M,M,M,M,M,M,T,M,M,M,M,M,M,M,M,M,M,M,M,M,M,M
US1NYRL0005,"WEST NYACK 1.3 WSW","ROCKLAND","New York",268,41.08,-73.99,M,M,M,M,M,M,M,M,M,M,M,M,M,M,M,M,M,M,M,M,M,M,M,M,M,M,M,0.2
USC00309292,"WEST POINT","ORANGE","New York",320,41.39,-73.96,0.0,0.0,0.0,0.0,0.0,0.0,0.0,0.0,0.0,0.0,0.0,0.0,3.0,2.0,1.0,0.0,0.0,T,0.0,0.0,M,M,0.0,0.0,0.0,0.0,0.0,0.0
US1NYER0113,"WEST SENECA 0.4 E","ERIE","New York",651,42.84,-78.74,M,M,M,M,M,M,M,M,M,M,M,M,M,M,M,M,M,M,M,M,M,M,M,M,M,M,M,5.5
US1NYER0013,"WEST SENECA 2.3 NW","ERIE","New York",599,42.86,-78.79,M,M,M,M,M,M,M,M,M,M,T,T,M,M,M,M,M,M,M,M,M,M,M,M,M,M,T,M
USC00309248,"WESTMORELAND 4N","ONEIDA","New York",565,43.16,-75.46,10.0,9.0,8.0,6.0,3.0,3.0,1.0,T,2.0,2.0,2.0,T,6.0,9.0,7.0,5.0,5.0,6.0,6.0,5.0,5.0,5.0,4.0,4.0,4.0,8.0,7.0,11.0
USC00309389,"WHITEHALL","WASHINGTON","New York",119,43.56,-73.40,M,M,M,10.0,6.0,4.0,2.0,2.0,M,M,M,M,M,M,5.0,M,M,4.0,6.0,5.0,4.0,3.0,M,M,M,2.0,2.0,6.0
US1NYOD0042,"WHITESBORO 2.3 SW","ONEIDA","New York",548,43.10,-75.33,M,M,M,M,M,M,M,M,M,M,M,M,M,M,M,M,M,M,4.0,M,M,M,M,M,M,M,M,M
USC00309425,"WHITESVILLE 1N","ALLEGANY","New York",2169,42.06,-77.76,3.0,3.0,3.0,1.0,0.0,0.0,0.0,0.0,0.0,0.0,1.0,2.0,3.0,3.0,2.0,1.0,1.0,1.0,2.0,2.0,2.0,2.0,1.0,1.0,2.0,2.0,2.0,5.0
US1NYBM0014,"WHITNEY POINT 1.7 SSE","BROOME","New York",1266,42.31,-75.96,11.0,10.0,10.0,6.0,2.0,T,T,T,T,T,T,T,4.0,4.0,3.5,2.5,2.5,3.5,3.5,3.5,4.0,4.0,4.0,3.0,3.0,2.5,2.5,5.5
USC00309442,"WHITNEY POINT DAM","BROOME","New York",1040,42.34,-75.97,5.0,5.0,5.0,2.0,0.0,0.0,0.0,0.0,0.0,0.0,T,0.0,5.0,4.0,2.0,1.0,T,1.0,1.0,1.0,1.0,T,T,0.0,1.0,T,T,M
US1NYER0104,"WILLIAMSVILLE 2.2 NNW","ERIE","New York",589,42.99,-78.75,12.5,11.2,8.5,2.6,M,M,M,M,M,M,M,1.2,M,3.1,0.5,M,M,2.5,2.1,2.0,M,M,M,M,M,0.5,M,5.0
US1NYER0007,"WILLIAMSVILLE 2.7 E","ERIE","New York",702,42.97,-78.69,21.0,19.0,9.0,1.0,T,T,T,0.0,T,T,T,T,1.0,5.5,1.0,T,T,2.0,2.0,2.0,T,0.0,0.0,0.0,T,M,M,M
USC00309499,"WILMINGTON 2W","ESSEX","New York",2019,44.39,-73.86,14.0,M,M,12.0,8.0,6.0,6.0,5.0,M,M,6.0,6.0,11.0,M,10.0,M,M,M,12.0,11.0,9.0,10.0,M,M,12.0,12.0,12.0,12.0
US1NYBM0021,"WINDSOR 8.0 SE","BROOME","New York",1666,42.01,-75.51,M,M,M,M,M,M,M,M,M,M,M,M,M,M,M,M,M,M,M,M,M,M,M,M,2.5,M,M,M
US1NYSV0008,"WURTSBORO 0.2 SSW","SULLIVAN","New York",537,41.57,-74.49,M,M,M,M,M,M,0.0,0.0,M,M,M,M,3.8,M,M,M,M,M,M,M,M,M,M,M,M,M,M,M
USC00309593,"WYOMING 3W","WYOMING","New York",1559,42.82,-78.15,13.0,13.0,10.0,6.0,T,T,T,T,T,T,T,1.0,4.0,8.0,7.0,6.0,6.0,7.0,8.0,7.0,6.0,5.0,5.0,4.0,3.0,3.0,4.0,10.0
USC00309690,"YOUNGSTOWN 2 E","NIAGARA","New York",295,43.25,-79.01,2.0,2.0,1.0,0.0,0.0,0.0,0.0,0.0,M,0.0,0.0,1.0,M,2.0,M,M,M,M,M,M,M,M,M,M,M,M,M,M